-- phpMyAdmin SQL Dump
-- version 4.1.6
-- http://www.phpmyadmin.net
--
-- Host: 127.0.0.1
-- Generation Time: Oct 28, 2014 at 02:37 AM
-- Server version: 5.6.16
-- PHP Version: 5.5.9

SET SQL_MODE = "NO_AUTO_VALUE_ON_ZERO";
SET time_zone = "+00:00";


/*!40101 SET @OLD_CHARACTER_SET_CLIENT=@@CHARACTER_SET_CLIENT */;
/*!40101 SET @OLD_CHARACTER_SET_RESULTS=@@CHARACTER_SET_RESULTS */;
/*!40101 SET @OLD_COLLATION_CONNECTION=@@COLLATION_CONNECTION */;
/*!40101 SET NAMES utf8 */;

--
-- Database: `chuisais`
--

-- --------------------------------------------------------

--
-- Table structure for table `basyo`
--

CREATE TABLE IF NOT EXISTS `basyo` (
  `id` int(11) NOT NULL AUTO_INCREMENT,
  `basyo_returned` int(11) NOT NULL,
  `status` varchar(10) NOT NULL DEFAULT 'active',
  `date_created` datetime NOT NULL DEFAULT CURRENT_TIMESTAMP,
  PRIMARY KEY (`id`)
) ENGINE=InnoDB DEFAULT CHARSET=latin1 AUTO_INCREMENT=1 ;

-- --------------------------------------------------------

--
-- Table structure for table `category`
--

CREATE TABLE IF NOT EXISTS `category` (
  `categoryId` int(11) NOT NULL AUTO_INCREMENT,
  `categoryName` varchar(65) NOT NULL,
  `created_date` datetime NOT NULL DEFAULT CURRENT_TIMESTAMP,
  `updated_date` datetime NOT NULL DEFAULT CURRENT_TIMESTAMP,
  `status` varchar(10) NOT NULL,
  PRIMARY KEY (`categoryId`)
) ENGINE=InnoDB  DEFAULT CHARSET=latin1 AUTO_INCREMENT=27 ;

--
-- Dumping data for table `category`
--

INSERT INTO `category` (`categoryId`, `categoryName`, `created_date`, `updated_date`, `status`) VALUES
(1, 'Flour', '2014-08-14 11:24:04', '2014-08-14 11:24:04', 'active'),
(2, 'P.P Plastic', '2014-08-14 11:24:12', '2014-08-14 11:24:12', 'active'),
(3, 'Sugar', '2014-08-14 11:24:18', '2014-08-14 11:24:18', 'active'),
(4, 'Bihon', '2014-08-14 11:24:24', '2014-08-14 11:24:24', 'active'),
(5, 'Plastic Cup', '2014-08-14 11:24:45', '2014-08-14 11:24:45', 'active'),
(6, 'Baking Powder', '2014-08-14 11:24:54', '2014-08-14 11:24:54', 'active'),
(7, 'Plastic', '2014-08-14 11:25:01', '2014-08-14 11:25:01', 'active'),
(8, 'Dessicated Coconut', '2014-08-14 11:25:19', '2014-08-14 11:25:19', 'active'),
(9, 'Evap', '2014-08-14 11:25:27', '2014-08-14 11:25:27', 'active'),
(10, 'Bread Improver', '2014-08-14 11:25:34', '2014-08-14 11:25:34', 'active'),
(11, 'Cheese', '2014-08-14 11:25:42', '2014-08-14 11:25:42', 'active'),
(12, 'Milk', '2014-08-14 11:25:46', '2014-08-14 11:25:46', 'active'),
(13, 'Food Color', '2014-08-14 11:25:59', '2014-08-14 11:25:59', 'active'),
(14, 'Glutinous Flour', '2014-08-14 11:26:27', '2014-08-14 11:26:27', 'active'),
(15, 'Cassava Flour', '2014-08-14 11:26:32', '2014-08-14 11:26:32', 'active'),
(16, 'Sando Bag', '2014-08-14 11:26:37', '2014-08-14 11:26:37', 'active'),
(17, 'Pet Bottle', '2014-08-14 11:27:06', '2014-08-14 11:27:06', 'active'),
(18, 'Powder Milk', '2014-08-14 11:27:14', '2014-08-14 11:27:14', 'active'),
(19, 'Oil', '2014-08-14 11:27:20', '2014-08-14 11:27:20', 'active'),
(20, 'Lard', '2014-08-14 11:27:22', '2014-08-14 11:27:22', 'active'),
(21, 'Margarine', '2014-08-14 11:27:28', '2014-08-14 11:27:28', 'active'),
(22, 'Paper Supot', '2014-08-14 11:27:45', '2014-08-14 11:27:45', 'active'),
(23, 'Yeast', '2014-08-14 11:46:11', '2014-08-14 11:46:11', 'active'),
(24, 'Other', '2014-10-09 15:17:30', '2014-10-09 15:17:30', 'active'),
(25, 'Food flavor', '2014-10-25 06:39:26', '2014-10-25 06:39:26', 'active'),
(26, 'Seasoning', '2014-10-25 06:40:05', '2014-10-25 06:40:05', 'active');

-- --------------------------------------------------------

--
-- Table structure for table `cheque`
--

CREATE TABLE IF NOT EXISTS `cheque` (
  `id` int(11) NOT NULL AUTO_INCREMENT,
  `chequeNo` varchar(20) NOT NULL,
  `chequeName` varchar(150) NOT NULL,
  `chequeBank` varchar(50) NOT NULL,
  `chequeBranch` varchar(50) NOT NULL,
  `chequeAmount` double NOT NULL,
  `chequeDate` datetime NOT NULL,
  `chequeStatus` varchar(20) NOT NULL DEFAULT 'Cleared',
  `status` varchar(20) NOT NULL,
  PRIMARY KEY (`id`)
) ENGINE=InnoDB DEFAULT CHARSET=latin1 AUTO_INCREMENT=1 ;

-- --------------------------------------------------------

--
-- Table structure for table `client`
--

CREATE TABLE IF NOT EXISTS `client` (
  `clientId` int(11) NOT NULL AUTO_INCREMENT,
  `clientName` varchar(50) NOT NULL,
  `clientContact` varchar(20) NOT NULL,
  `created_date` datetime NOT NULL DEFAULT CURRENT_TIMESTAMP,
  `updated_date` datetime NOT NULL DEFAULT CURRENT_TIMESTAMP,
  `status` varchar(10) NOT NULL,
  `clientAddress` varchar(200) NOT NULL,
  PRIMARY KEY (`clientId`)
) ENGINE=InnoDB  DEFAULT CHARSET=latin1 AUTO_INCREMENT=570 ;

--
-- Dumping data for table `client`
--

INSERT INTO `client` (`clientId`, `clientName`, `clientContact`, `created_date`, `updated_date`, `status`, `clientAddress`) VALUES
(1, 'Jie & Jam', '', '2014-10-25 15:57:12', '2014-10-25 15:57:12', 'active', 'Rosales'),
(2, 'AA Bakery', '', '2014-10-25 15:57:31', '2014-10-25 15:57:31', 'active', 'Unsad'),
(3, 'Abarquez/Corpuz', '', '2014-10-25 15:58:11', '2014-10-25 15:58:11', 'active', 'Urdaneta'),
(4, 'Abe Gutierez', '', '2014-10-25 16:01:22', '2014-10-25 16:01:22', 'active', 'Bagsakan'),
(5, 'Adelina Limus', '', '2014-10-25 16:01:41', '2014-10-25 16:01:41', 'active', ''),
(6, 'Aida', '', '2014-10-25 16:01:51', '2014-10-25 16:01:51', 'active', ''),
(7, 'Ailene', '', '2014-10-25 16:02:27', '2014-10-25 16:02:27', 'active', 'Palengke'),
(8, 'Al Bernardo', '', '2014-10-25 16:02:53', '2014-10-25 16:02:53', 'active', ''),
(9, 'Al''s Bakery', '', '2014-10-25 16:03:09', '2014-10-25 16:03:09', 'active', ''),
(10, 'Albert', '', '2014-10-25 16:03:19', '2014-10-25 16:03:19', 'active', ''),
(11, 'Aldrina''s Store', '', '2014-10-25 16:03:38', '2014-10-25 16:03:38', 'active', ''),
(12, 'Alejandro Olido', '', '2014-10-25 16:04:01', '2014-10-25 16:04:01', 'active', ''),
(13, 'Alex (bagoong)', '', '2014-10-25 16:04:21', '2014-10-25 16:04:21', 'active', 'Bagsakan'),
(14, 'Alex Rabang', '', '2014-10-25 16:04:42', '2014-10-25 16:04:42', 'active', 'Villasis Market'),
(15, 'Alfred', '', '2014-10-25 16:05:09', '2014-10-25 16:05:09', 'active', 'Rosales'),
(16, 'Alfred Aquino', '', '2014-10-25 22:20:46', '2014-10-25 22:20:46', 'active', 'Puelay'),
(17, 'Alice Macabitas', '', '2014-10-25 22:21:19', '2014-10-25 22:21:19', 'active', 'Bacag'),
(18, 'Alice Quinsay', '', '2014-10-25 22:21:40', '2014-10-25 22:21:40', 'active', ''),
(19, 'Alicia Tabago', '', '2014-10-25 22:22:22', '2014-10-25 22:22:22', 'active', 'San Manuel'),
(20, 'Allan Sandoval', '', '2014-10-25 22:22:47', '2014-10-25 22:22:47', 'active', ''),
(21, 'Alma Calvadores', '', '2014-10-25 22:23:13', '2014-10-25 22:23:13', 'active', 'Baguio'),
(22, 'Alma Capili', '', '2014-10-25 22:23:37', '2014-10-25 22:23:37', 'active', 'Barangobong'),
(23, 'Alma Corpuz', '', '2014-10-25 22:23:58', '2014-10-25 22:23:58', 'active', ''),
(24, 'Alvin', '', '2014-10-25 22:24:10', '2014-10-25 22:24:10', 'active', ''),
(25, 'Amber Store', '', '2014-10-25 22:24:21', '2014-10-25 22:24:21', 'active', ''),
(26, 'Amy Macaraeg', '', '2014-10-25 22:24:37', '2014-10-25 22:24:37', 'active', ''),
(27, 'Analie Pineda', '', '2014-10-25 22:24:55', '2014-10-25 22:24:55', 'active', 'San Manuel'),
(28, 'Analyn Blanco', '', '2014-10-25 22:25:08', '2014-10-25 22:25:08', 'active', ''),
(29, 'Analyn Camba', '', '2014-10-25 22:25:37', '2014-10-25 22:25:37', 'active', 'Carmay East, Rosales'),
(30, 'Analyn Dion', '', '2014-10-25 22:25:48', '2014-10-25 22:25:48', 'active', ''),
(31, 'Analyn Morden', '', '2014-10-25 22:26:10', '2014-10-25 22:26:10', 'active', 'DRECMHS'),
(32, 'Analyn Store', '', '2014-10-25 22:26:25', '2014-10-25 22:26:25', 'active', ''),
(33, 'Analyn''s Bakery', '', '2014-10-25 22:26:45', '2014-10-25 22:26:45', 'active', 'Rosales'),
(34, 'Angel Sanchez', '', '2014-10-25 22:27:01', '2014-10-25 22:27:01', 'active', ''),
(35, 'Angel''s Bakery', '', '2014-10-25 22:27:22', '2014-10-25 22:27:22', 'active', 'Sta.Maria'),
(36, 'Annabel''s Bakery', '', '2014-10-25 22:27:49', '2014-10-25 22:27:49', 'active', 'San Manuel'),
(37, 'Anne', '', '2014-10-25 22:27:56', '2014-10-25 22:27:56', 'active', ''),
(38, 'Annie Acosta', '', '2014-10-25 22:28:12', '2014-10-25 22:28:12', 'active', 'Palengke'),
(39, 'Anthony Alvarado', '', '2014-10-25 22:28:48', '2014-10-25 22:28:48', 'active', 'Carmen West'),
(40, 'ARREXX Poultry Supply', '', '2014-10-25 22:29:53', '2014-10-25 22:29:53', 'active', 'Villasis'),
(41, 'Arlene', '', '2014-10-25 22:30:06', '2014-10-25 22:30:06', 'active', 'Palengke'),
(42, 'Arminda Co', '', '2014-10-25 22:30:24', '2014-10-25 22:30:24', 'active', 'Palengke'),
(43, 'Artemio Taban', '', '2014-10-25 22:30:42', '2014-10-25 22:30:42', 'active', ''),
(44, 'Arthur Cabero', '', '2014-10-25 22:31:04', '2014-10-25 22:31:04', 'active', 'Rosales'),
(45, 'Atong''s Tupig', '', '2014-10-25 22:31:23', '2014-10-25 22:31:23', 'active', 'Bagsakan'),
(46, 'Aurelio Tiongson', '', '2014-10-25 22:31:51', '2014-10-25 22:31:51', 'active', 'Cuyapo'),
(47, 'AVS', '', '2014-10-25 22:32:10', '2014-10-25 22:32:10', 'active', 'San Blas'),
(48, 'Ayer (Marissa)', '', '2014-10-25 22:32:30', '2014-10-25 22:32:30', 'active', ''),
(49, 'Ayer (Angie)', '', '2014-10-25 22:33:03', '2014-10-25 22:33:03', 'active', 'San Jacinto'),
(50, 'Ayer (Ayen)', '', '2014-10-25 22:33:19', '2014-10-25 22:33:19', 'active', ''),
(51, 'Ayer (Balmonte)', '', '2014-10-25 22:33:40', '2014-10-25 22:33:40', 'active', ''),
(52, 'Ayer (Chafe-Anak)', '', '2014-10-25 22:33:58', '2014-10-25 22:33:58', 'active', ''),
(53, 'Ayer (Tess)', '', '2014-10-25 22:34:17', '2014-10-25 22:34:17', 'active', ''),
(54, 'Ayer Eva', '', '2014-10-25 22:34:25', '2014-10-25 22:34:25', 'active', ''),
(55, 'Ayer Gloria', '', '2014-10-25 22:34:34', '2014-10-25 22:34:34', 'active', ''),
(56, 'Ayer (Gloria)', '', '2014-10-25 22:34:59', '2014-10-25 22:34:59', 'active', ''),
(57, 'Ayer (Lorena)', '', '2014-10-25 22:35:15', '2014-10-25 22:35:15', 'active', ''),
(58, 'Ayer (Nimfa)', '', '2014-10-25 22:35:28', '2014-10-25 22:35:28', 'active', ''),
(59, 'Ayer (Ronnie)', '', '2014-10-25 22:35:53', '2014-10-25 22:35:53', 'active', 'Urdaneta'),
(60, 'Ayer (Chafe-Ama)', '', '2014-10-25 22:41:04', '2014-10-25 22:41:04', 'active', ''),
(61, 'Ayer (Tomines)', '', '2014-10-25 22:42:48', '2014-10-25 22:42:48', 'active', ''),
(62, 'Ayer (U.P.C.)', '', '2014-10-25 22:43:01', '2014-10-25 22:43:01', 'active', ''),
(63, 'Ayer Mangatarem', '', '2014-10-25 22:43:17', '2014-10-25 22:43:17', 'active', ''),
(64, 'Babes', '', '2014-10-25 22:43:35', '2014-10-25 22:43:35', 'active', 'Lipay'),
(65, 'Baby Mico', '', '2014-10-25 22:43:48', '2014-10-25 22:43:48', 'active', 'Palengke'),
(66, 'Baby Sarmiento', '', '2014-10-25 22:44:08', '2014-10-25 22:44:08', 'active', 'Palengke'),
(67, 'Baby''s Peanut', '', '2014-10-25 22:44:30', '2014-10-25 22:44:30', 'active', 'Urdaneta'),
(68, 'Bakery Street', '', '2014-10-25 22:44:45', '2014-10-25 22:44:45', 'active', ''),
(69, 'Balong Agustin', '', '2014-10-25 22:45:17', '2014-10-25 22:45:17', 'active', 'San Manuel Tarlac'),
(70, 'Baltazar', '', '2014-10-25 22:45:32', '2014-10-25 22:45:32', 'active', ''),
(71, 'Bantugon Mini Mart', '', '2014-10-25 22:46:04', '2014-10-25 22:46:04', 'active', 'Palengke'),
(72, 'Belen', '', '2014-10-25 22:46:10', '2014-10-25 22:46:10', 'active', ''),
(73, 'Ben', '', '2014-10-25 22:46:24', '2014-10-25 22:46:24', 'active', 'Umingan'),
(74, 'Ben (Manok)', '', '2014-10-25 22:46:39', '2014-10-25 22:46:39', 'active', 'Palengke'),
(75, 'Bergonia', '', '2014-10-25 22:46:55', '2014-10-25 22:46:55', 'active', 'Palengke'),
(76, 'Bernadette', '', '2014-10-25 22:47:09', '2014-10-25 22:47:09', 'active', ''),
(77, 'Bernadette Casco', '', '2014-10-25 22:47:27', '2014-10-25 22:47:27', 'active', 'Unzad'),
(78, 'Bernard Ong', '', '2014-10-25 22:47:47', '2014-10-25 22:47:47', 'active', ''),
(79, 'Beth', '', '2014-10-25 22:47:51', '2014-10-25 22:47:51', 'active', ''),
(80, 'Beth Borquel', '', '2014-10-25 22:48:25', '2014-10-25 22:48:25', 'active', 'Sto.Tomas'),
(81, 'Betty La Bausa', '', '2014-10-25 22:49:03', '2014-10-25 22:49:03', 'active', 'Balungao'),
(82, 'Bing', '', '2014-10-25 22:49:06', '2014-10-25 22:49:06', 'active', 'Balungao'),
(83, 'Bistro Garitoni', '', '2014-10-25 22:50:46', '2014-10-25 22:50:46', 'active', ''),
(84, 'Bon-bon', '', '2014-10-25 22:50:58', '2014-10-25 22:50:58', 'active', ''),
(85, 'Boy Magno', '', '2014-10-25 22:51:41', '2014-10-25 22:51:41', 'active', 'Carme West, Rosales'),
(86, 'Boyet', '', '2014-10-25 22:51:54', '2014-10-25 22:51:54', 'active', 'Balungao'),
(87, 'Boy Urbano', '', '2014-10-25 22:52:33', '2014-10-25 22:52:33', 'active', 'San Manuel'),
(88, 'Bulakena''s Food', '', '2014-10-25 22:56:55', '2014-10-25 22:56:55', 'active', ''),
(89, 'Cabanes', '', '2014-10-25 22:57:07', '2014-10-25 22:57:07', 'active', ''),
(90, 'Cabrera''s Trading', '', '2014-10-25 22:57:28', '2014-10-25 22:57:28', 'active', 'Villasis'),
(91, 'Cacapit Store', '', '2014-10-25 22:57:42', '2014-10-25 22:57:42', 'active', ''),
(92, 'Calasiao', '', '2014-10-25 22:57:50', '2014-10-25 22:57:50', 'active', ''),
(93, 'Caloy', '', '2014-10-25 22:58:07', '2014-10-25 22:58:07', 'active', ''),
(94, 'Capua', '', '2014-10-25 22:58:13', '2014-10-25 22:58:13', 'active', ''),
(95, 'Cariaga', '', '2014-10-25 22:58:27', '2014-10-25 22:58:27', 'active', 'Balungao'),
(96, 'Caring', '', '2014-10-25 22:58:36', '2014-10-25 22:58:36', 'active', 'Palengke'),
(97, 'Cariño''s Bakeshop', '', '2014-10-25 22:58:56', '2014-10-25 22:58:56', 'active', ''),
(98, 'Carmen (Balungao)', '', '2014-10-25 22:59:34', '2014-10-25 22:59:34', 'active', 'Balungao'),
(99, 'Carmen (Palengke)', '', '2014-10-25 22:59:54', '2014-10-25 22:59:54', 'active', 'Villasis'),
(100, 'Carmen (Balungao)', '', '2014-10-25 23:01:47', '2014-10-25 23:01:47', 'active', 'Balungao'),
(101, 'Carmen Castillo', '', '2014-10-25 23:02:14', '2014-10-25 23:02:14', 'active', ''),
(102, 'Carol', '', '2014-10-25 23:02:20', '2014-10-25 23:02:20', 'active', ''),
(103, 'Cash', '', '2014-10-25 23:02:23', '2014-10-25 23:02:23', 'active', ''),
(104, 'CB Store', '', '2014-10-25 23:02:35', '2014-10-25 23:02:35', 'active', ''),
(105, 'Cecille Mamucod', '', '2014-10-25 23:03:21', '2014-10-25 23:03:21', 'active', 'San Manuel'),
(106, 'Celis', '', '2014-10-25 23:03:35', '2014-10-25 23:03:35', 'active', 'Villasis'),
(107, 'Cenas', '', '2014-10-25 23:03:51', '2014-10-25 23:03:51', 'active', ''),
(108, 'Charice Poultry', '', '2014-10-25 23:04:09', '2014-10-25 23:04:09', 'active', ''),
(109, 'Charie Jimenez', '', '2014-10-25 23:04:24', '2014-10-25 23:04:24', 'active', ''),
(110, 'Charlot Tique', '', '2014-10-25 23:04:52', '2014-10-25 23:04:52', 'active', 'Binalonan'),
(111, 'Christine Joy', '', '2014-10-25 23:05:50', '2014-10-25 23:05:50', 'active', 'Palengke'),
(112, 'Cherry Store', '', '2014-10-25 23:06:36', '2014-10-25 23:06:36', 'active', ''),
(113, 'Cherryl', '', '2014-10-25 23:07:04', '2014-10-25 23:07:04', 'active', 'Palengke'),
(114, 'Chie', '', '2014-10-25 23:07:20', '2014-10-25 23:07:20', 'active', ''),
(115, 'Ching', '', '2014-10-25 23:07:29', '2014-10-25 23:07:29', 'active', ''),
(116, 'Chloe', '', '2014-10-25 23:07:40', '2014-10-25 23:07:40', 'active', ''),
(117, 'Chit', '', '2014-10-25 23:07:59', '2014-10-25 23:07:59', 'active', 'Palengke'),
(118, 'Chit Viola', '', '2014-10-25 23:08:22', '2014-10-25 23:08:22', 'active', 'Palengke'),
(119, 'Chris Mayo', '', '2014-10-25 23:09:54', '2014-10-25 23:09:54', 'active', 'Alcala'),
(120, 'Chris Sibayan', '', '2014-10-25 23:10:15', '2014-10-25 23:10:15', 'active', ''),
(121, 'Christine', '', '2014-10-25 23:10:23', '2014-10-25 23:10:23', 'active', ''),
(122, 'Christine Austria', '', '2014-10-25 23:11:00', '2014-10-25 23:11:00', 'active', 'Dagupan'),
(123, 'Christopher', '', '2014-10-26 06:45:46', '2014-10-26 06:45:46', 'active', ''),
(124, 'Cita', '', '2014-10-26 06:46:01', '2014-10-26 06:46:01', 'active', 'Palengke'),
(125, 'Clarence', '', '2014-10-26 06:46:14', '2014-10-26 06:46:14', 'active', 'Bagsakan'),
(126, 'Cleofe', '', '2014-10-26 06:46:23', '2014-10-26 06:46:23', 'active', ''),
(127, 'Cletos', '', '2014-10-26 06:46:39', '2014-10-26 06:46:39', 'active', ''),
(128, 'Coronacion Store', '', '2014-10-26 06:47:06', '2014-10-26 06:47:06', 'active', 'Villasis Market'),
(129, 'Cozy Place Resort', '', '2014-10-26 06:47:21', '2014-10-26 06:47:21', 'active', ''),
(130, 'Cueva''s Bakery', '', '2014-10-26 06:47:43', '2014-10-26 06:47:43', 'active', 'Villasis'),
(131, 'Cynthia Tadeo', '', '2014-10-26 06:50:31', '2014-10-26 06:50:31', 'active', 'Umingan'),
(132, 'Cyrra Rabara', '', '2014-10-26 06:50:48', '2014-10-26 06:50:48', 'active', ''),
(133, 'Daily Moreno', '', '2014-10-26 06:51:05', '2014-10-26 06:51:05', 'active', 'Palengke'),
(134, 'Daily Vino', '', '2014-10-26 06:51:21', '2014-10-26 06:51:21', 'active', ''),
(135, 'Daisy', '', '2014-10-26 06:51:28', '2014-10-26 06:51:28', 'active', ''),
(136, 'Dang Poquiz', '', '2014-10-26 06:51:45', '2014-10-26 06:51:45', 'active', 'Rosales'),
(137, 'Dante Peralta', '', '2014-10-26 06:52:01', '2014-10-26 06:52:01', 'active', ''),
(138, 'Delia Celis', '', '2014-10-26 06:52:18', '2014-10-26 06:52:18', 'active', 'Palengke'),
(139, 'Dennis', '', '2014-10-26 06:52:28', '2014-10-26 06:52:28', 'active', 'Urdaneta'),
(140, 'Dessa Sibayan', '', '2014-10-26 06:53:15', '2014-10-26 06:53:15', 'active', 'Rosales'),
(141, 'Dina', '', '2014-10-26 06:53:21', '2014-10-26 06:53:21', 'active', ''),
(142, 'Dina Galapati', '', '2014-10-26 06:53:37', '2014-10-26 06:53:37', 'active', 'Palengke'),
(143, 'Dina Velicaria', '', '2014-10-26 06:53:50', '2014-10-26 06:53:50', 'active', ''),
(144, 'Diony', '', '2014-10-26 06:53:55', '2014-10-26 06:53:55', 'active', ''),
(145, 'DLC', '', '2014-10-26 06:54:06', '2014-10-26 06:54:06', 'active', 'Bagsakan'),
(146, 'Dolor', '', '2014-10-26 06:54:12', '2014-10-26 06:54:12', 'active', ''),
(147, 'Dolores', '', '2014-10-26 06:54:18', '2014-10-26 06:54:18', 'active', ''),
(148, 'Don-don Lopez', '', '2014-10-26 06:54:34', '2014-10-26 06:54:34', 'active', 'Puelay'),
(149, 'Dong Manajo', '', '2014-10-26 06:54:46', '2014-10-26 06:54:46', 'active', 'Binalonan'),
(150, 'Drorang Bakery', '', '2014-10-26 06:56:04', '2014-10-26 06:56:04', 'active', 'San Manuel'),
(151, 'DS', '', '2014-10-26 06:56:09', '2014-10-26 06:56:09', 'active', ''),
(152, 'Duque', '', '2014-10-26 06:56:20', '2014-10-26 06:56:20', 'active', 'Carmen'),
(153, 'Eddie Marquez', '', '2014-10-26 06:56:43', '2014-10-26 06:56:43', 'active', ''),
(154, 'Edeth Store', '', '2014-10-26 06:57:06', '2014-10-26 06:57:06', 'active', 'Asingan'),
(155, 'Edgar Erolin', '', '2014-10-26 06:57:24', '2014-10-26 06:57:24', 'active', 'Bayambang'),
(156, 'Edgar Sibayan', '', '2014-10-26 06:57:40', '2014-10-26 06:57:40', 'active', 'Rosales'),
(157, 'Edison Dizon', '', '2014-10-26 06:57:54', '2014-10-26 06:57:54', 'active', ''),
(158, 'Edison Sapigao', '', '2014-10-26 06:58:08', '2014-10-26 06:58:08', 'active', ''),
(159, 'Eduard Nueva', '', '2014-10-26 06:58:31', '2014-10-26 06:58:31', 'active', 'Alcala'),
(160, 'Eduard Tadeo', '', '2014-10-26 06:58:46', '2014-10-26 06:58:46', 'active', ''),
(161, 'Edward', '', '2014-10-26 06:58:52', '2014-10-26 06:58:52', 'active', ''),
(162, 'Edwin Ong', '', '2014-10-26 06:59:04', '2014-10-26 06:59:04', 'active', 'Alcala'),
(163, 'Edwin Velasco', '', '2014-10-26 06:59:19', '2014-10-26 06:59:19', 'active', ''),
(164, 'Efren Gawat', '', '2014-10-26 06:59:27', '2014-10-26 06:59:27', 'active', ''),
(165, 'Efren Mairina', '', '2014-10-26 06:59:47', '2014-10-26 06:59:47', 'active', 'Barangobong'),
(166, 'Eiansen', '', '2014-10-26 07:00:25', '2014-10-26 07:00:25', 'active', ''),
(167, 'Eligem', '', '2014-10-26 07:00:33', '2014-10-26 07:00:33', 'active', ''),
(168, 'Eljeor Saddoy', '', '2014-10-26 07:00:58', '2014-10-26 07:00:58', 'active', 'Binalonan'),
(169, 'Eljeor Saddoy', '', '2014-10-26 07:01:24', '2014-10-26 07:01:24', 'active', 'Carmen'),
(170, 'Eljeor Saddoy', '', '2014-10-26 07:01:48', '2014-10-26 07:01:48', 'active', 'Rosario La Union'),
(171, 'Eljeor Saddoy', '', '2014-10-26 07:02:12', '2014-10-26 07:02:12', 'active', 'Urdaneta'),
(172, 'Eljeor Saddoy', '', '2014-10-26 07:02:48', '2014-10-26 07:02:48', 'active', 'Sta.Barbara'),
(173, 'Elmer Bautista', '', '2014-10-26 07:31:56', '2014-10-26 07:31:56', 'active', 'Paniqui'),
(174, 'Elsa Braga', '', '2014-10-26 07:32:18', '2014-10-26 07:32:18', 'active', 'Urdaneta'),
(175, 'Elvie Parel', '', '2014-10-26 07:32:33', '2014-10-26 07:32:33', 'active', ''),
(176, 'Emily', '', '2014-10-26 07:32:43', '2014-10-26 07:32:43', 'active', 'Palengke'),
(177, 'Emily Batagi', '', '2014-10-26 07:33:06', '2014-10-26 07:33:06', 'active', ''),
(178, 'Eng''r Dela Cruz', '', '2014-10-26 07:33:25', '2014-10-26 07:33:25', 'active', ''),
(179, 'Enrico Manoba', '', '2014-10-26 07:33:48', '2014-10-26 07:33:48', 'active', 'San Manuel'),
(180, 'Eric & Vivian Edades', '', '2014-10-26 07:36:54', '2014-10-26 07:36:54', 'active', ''),
(181, 'Erik Dolique', '', '2014-10-26 07:37:07', '2014-10-26 07:37:07', 'active', ''),
(182, 'Erika', '', '2014-10-26 07:37:20', '2014-10-26 07:37:20', 'active', 'Carmen'),
(183, 'Erika''s  Bakery', '', '2014-10-26 07:53:48', '2014-10-26 07:53:48', 'active', ''),
(184, 'Erlinda (crunchies)', '', '2014-10-26 07:54:44', '2014-10-26 07:54:44', 'active', 'Binalonan'),
(185, 'Erlyn', '', '2014-10-26 07:55:22', '2014-10-26 07:55:22', 'active', ''),
(186, 'Escalera', '', '2014-10-26 07:55:42', '2014-10-26 07:55:42', 'active', ''),
(187, 'Estella', '', '2014-10-26 07:56:09', '2014-10-26 07:56:09', 'active', 'Palengke'),
(188, 'Ester', '', '2014-10-26 07:56:21', '2014-10-26 07:56:21', 'active', ''),
(189, 'Eugine Raguro', '', '2014-10-26 07:56:48', '2014-10-26 07:56:48', 'active', ''),
(190, 'Eva Payupay', '', '2014-10-26 07:57:24', '2014-10-26 07:57:24', 'active', 'Alcala'),
(191, 'Evelyn', '', '2014-10-26 07:57:41', '2014-10-26 07:57:41', 'active', ''),
(192, 'Evelyn Tolentino', '', '2014-10-26 07:58:21', '2014-10-26 07:58:21', 'active', 'Urdaneta'),
(193, 'Evelyn Velasco', '', '2014-10-26 08:03:47', '2014-10-26 08:03:47', 'active', ''),
(194, 'Esperanza Munta', '', '2014-10-26 08:04:05', '2014-10-26 08:04:05', 'active', 'Infanta'),
(195, 'Facebooko', '', '2014-10-26 08:04:25', '2014-10-26 08:04:25', 'active', 'Urdaneta'),
(196, 'Fathima Baltazar', '', '2014-10-26 08:04:42', '2014-10-26 08:04:42', 'active', 'Binalonan'),
(197, 'FCDS', '', '2014-10-26 08:04:54', '2014-10-26 08:04:54', 'active', 'Manaoag'),
(198, 'Fidel', '', '2014-10-26 08:04:59', '2014-10-26 08:04:59', 'active', ''),
(199, 'Filipiniana', '', '2014-10-26 08:05:11', '2014-10-26 08:05:11', 'active', ''),
(200, 'Flor Motea', '', '2014-10-26 08:05:24', '2014-10-26 08:05:24', 'active', 'Bagsakan'),
(201, 'Flores', '', '2014-10-26 08:05:35', '2014-10-26 08:05:35', 'active', 'Balungao'),
(202, 'Flory Sibayan', '', '2014-10-26 08:05:44', '2014-10-26 08:05:44', 'active', ''),
(203, 'Frank''s Mulawin', '', '2014-10-26 08:06:01', '2014-10-26 08:06:01', 'active', 'Villasis'),
(204, 'Franklin', '', '2014-10-26 08:06:13', '2014-10-26 08:06:13', 'active', 'Baler'),
(205, 'Gabuat Store', '', '2014-10-26 08:06:49', '2014-10-26 08:06:49', 'active', 'Palengke'),
(206, 'Gallarin''s Bakery', '', '2014-10-26 08:07:13', '2014-10-26 08:07:13', 'active', 'Alcala'),
(207, 'Gamila Bakery', '', '2014-10-26 08:07:27', '2014-10-26 08:07:27', 'active', ''),
(208, 'Garcia Store', '', '2014-10-26 08:07:40', '2014-10-26 08:07:40', 'active', 'Palengke'),
(209, 'Gavina (palengke)', '', '2014-10-26 08:07:51', '2014-10-26 08:07:51', 'active', ''),
(210, 'Genelyn Labiste', '', '2014-10-26 08:08:12', '2014-10-26 08:08:12', 'active', 'Bacag'),
(211, 'Genesis Store', '', '2014-10-26 08:08:26', '2014-10-26 08:08:26', 'active', 'Asingan'),
(212, 'Gerald Mopas', '', '2014-10-26 08:08:39', '2014-10-26 08:08:39', 'active', ''),
(213, 'Gerson Garcia', '', '2014-10-26 08:09:00', '2014-10-26 08:09:00', 'active', 'Carmay, Rosales'),
(214, 'Gigi', '', '2014-10-26 08:09:11', '2014-10-26 08:09:11', 'active', ''),
(215, 'Gilbert Malilay', '', '2014-10-26 08:09:25', '2014-10-26 08:09:25', 'active', ''),
(216, 'Gina Caspilian', '', '2014-10-26 08:09:32', '2014-10-26 08:09:32', 'active', ''),
(217, 'Gina Duca', '', '2014-10-26 08:10:35', '2014-10-26 08:10:35', 'active', 'Rosales'),
(218, 'Giselle Ignacio', '', '2014-10-26 08:12:50', '2014-10-26 08:12:50', 'active', ''),
(219, 'Gloria Calvero', '', '2014-10-26 08:13:06', '2014-10-26 08:13:06', 'active', ''),
(220, 'Gloria Gorospe', '', '2014-10-26 08:13:14', '2014-10-26 08:13:14', 'active', ''),
(221, 'Golden 8 Gen.Merch', '', '2014-10-26 08:13:40', '2014-10-26 08:13:40', 'active', 'San Fernando'),
(222, 'Grace Obedoza', '', '2014-10-26 08:13:55', '2014-10-26 08:13:55', 'active', ''),
(223, 'Grace Sison', '', '2014-10-26 08:14:11', '2014-10-26 08:14:11', 'active', 'Puelay'),
(224, 'Green Cee', '', '2014-10-26 08:14:30', '2014-10-26 08:14:30', 'active', ''),
(225, 'Greg Maburang', '', '2014-10-26 08:14:51', '2014-10-26 08:14:51', 'active', 'Villasis'),
(226, 'Gregorio', '', '2014-10-26 08:14:59', '2014-10-26 08:14:59', 'active', ''),
(227, 'Guava Tree Bakeshop', '', '2014-10-26 08:15:21', '2014-10-26 08:15:21', 'active', ''),
(228, 'Hanna', '', '2014-10-26 08:15:35', '2014-10-26 08:15:35', 'active', 'Palengke'),
(229, 'Hans', '', '2014-10-26 08:15:49', '2014-10-26 08:15:49', 'active', ''),
(230, 'Harold Pungpung', '', '2014-10-26 08:16:01', '2014-10-26 08:16:01', 'active', ''),
(231, 'Hazel Young', '', '2014-10-26 08:16:08', '2014-10-26 08:16:08', 'active', ''),
(232, 'Heling Fermo', '', '2014-10-26 08:17:20', '2014-10-26 08:17:20', 'active', 'Bagsakan'),
(233, 'Henry Choi', '', '2014-10-26 08:17:32', '2014-10-26 08:17:32', 'active', ''),
(234, 'Hilda Nachor', '', '2014-10-26 08:17:51', '2014-10-26 08:17:51', 'active', ''),
(235, 'Hilda Tan', '', '2014-10-26 08:17:59', '2014-10-26 08:17:59', 'active', ''),
(236, 'Hizon', '', '2014-10-26 08:18:07', '2014-10-26 08:18:07', 'active', ''),
(237, 'Honrado', '', '2014-10-26 08:18:19', '2014-10-26 08:18:19', 'active', 'Palengke'),
(238, 'Huat Chan- Tarlac', '', '2014-10-26 08:18:34', '2014-10-26 08:18:34', 'active', ''),
(239, 'Huat Chan- Urdaneta', '', '2014-10-26 08:18:42', '2014-10-26 08:18:42', 'active', ''),
(240, 'Ignacio Store', '', '2014-10-26 08:18:58', '2014-10-26 08:18:58', 'active', 'Asingan'),
(241, 'Imelda', '', '2014-10-26 08:19:11', '2014-10-26 08:19:11', 'active', 'Palengke'),
(242, 'Imperial (bahay)', '', '2014-10-26 08:19:24', '2014-10-26 08:19:24', 'active', ''),
(243, 'Imperial (palengke)', '', '2014-10-26 08:19:45', '2014-10-26 08:19:45', 'active', ''),
(244, 'Irene', '', '2014-10-26 08:19:56', '2014-10-26 08:19:56', 'active', 'Palengke'),
(245, 'Ivy', '', '2014-10-26 08:20:14', '2014-10-26 08:20:14', 'active', 'Sto.Tomas'),
(246, 'Iyashi', '', '2014-10-26 08:20:36', '2014-10-26 08:20:36', 'active', ''),
(247, 'J n J', '', '2014-10-26 08:21:02', '2014-10-26 08:21:02', 'active', ''),
(248, 'J Prince', '', '2014-10-26 08:21:09', '2014-10-26 08:21:09', 'active', ''),
(249, 'J.Gavina-Taaca', '', '2014-10-26 08:21:29', '2014-10-26 08:21:29', 'active', 'Bagsakan'),
(250, 'Jackie Castillo', '', '2014-10-26 08:21:48', '2014-10-26 08:21:48', 'active', 'Umingan'),
(251, 'Jackie Cerezo', '', '2014-10-26 08:22:06', '2014-10-26 08:22:06', 'active', 'Urdaneta'),
(252, 'Janet Rabang', '', '2014-10-26 08:22:37', '2014-10-26 08:22:37', 'active', ''),
(253, 'Janice', '', '2014-10-26 08:22:48', '2014-10-26 08:22:48', 'active', 'Palengke'),
(254, 'Jay', '', '2014-10-26 08:22:55', '2014-10-26 08:22:55', 'active', 'Balungao'),
(255, 'Jay-R', '', '2014-10-26 08:23:36', '2014-10-26 08:23:36', 'active', 'Puelay'),
(256, 'Jay-R Binuya', '', '2014-10-26 08:23:59', '2014-10-26 08:23:59', 'active', 'Palengke'),
(257, 'Jay-R Cerdenola', '', '2014-10-26 08:24:16', '2014-10-26 08:24:16', 'active', ''),
(258, 'Jayson Masallo', '', '2014-10-26 08:24:28', '2014-10-26 08:24:28', 'active', ''),
(259, 'JBA', '', '2014-10-26 08:24:37', '2014-10-26 08:24:37', 'active', 'Rosales'),
(260, 'JC''s Bakery', '', '2014-10-26 08:24:51', '2014-10-26 08:24:51', 'active', 'Rosales'),
(261, 'Jean Marquez', '', '2014-10-26 08:25:13', '2014-10-26 08:25:13', 'active', ''),
(262, 'Jeff Bakery', '', '2014-10-26 08:25:30', '2014-10-26 08:25:30', 'active', ''),
(263, 'Jeffrey', '', '2014-10-26 08:25:49', '2014-10-26 08:25:49', 'active', 'San Jose'),
(264, 'Jeks', '', '2014-10-26 08:26:11', '2014-10-26 08:26:11', 'active', 'San Blas'),
(265, 'Jem Tadeo', '', '2014-10-26 08:26:34', '2014-10-26 08:26:34', 'active', 'Umingan'),
(266, 'Jenelyn de Jesus', '', '2014-10-26 08:27:27', '2014-10-26 08:27:27', 'active', 'San Manuel Tarlac'),
(267, 'Jennifer', '', '2014-10-26 08:27:40', '2014-10-26 08:27:40', 'active', 'Bagsakan'),
(268, 'Jennifer Rodrigo', '', '2014-10-26 08:28:16', '2014-10-26 08:28:16', 'active', 'Carmen'),
(269, 'Jerald Rabara', '', '2014-10-26 08:28:31', '2014-10-26 08:28:31', 'active', 'Palengke'),
(270, 'Jerick', '', '2014-10-26 08:28:38', '2014-10-26 08:28:38', 'active', ''),
(271, 'Jermin Leal', '', '2014-10-26 08:28:45', '2014-10-26 08:28:45', 'active', ''),
(272, 'Jerome Salvador', '', '2014-10-26 08:28:59', '2014-10-26 08:28:59', 'active', 'Carmen'),
(273, 'Jerwin Trinidad', '', '2014-10-26 08:29:15', '2014-10-26 08:29:15', 'active', 'Rosales'),
(274, 'Jessamae', '', '2014-10-26 08:29:31', '2014-10-26 08:29:31', 'active', 'Palengke'),
(275, 'Jesus Dumaquita', '', '2014-10-26 08:29:50', '2014-10-26 08:29:50', 'active', ''),
(276, 'Jhong Estabillo', '', '2014-10-26 08:30:03', '2014-10-26 08:30:03', 'active', ''),
(277, 'Jimmy Blanco', '', '2014-10-26 08:30:10', '2014-10-26 08:30:10', 'active', ''),
(278, 'JJ Excel', '', '2014-10-26 08:30:17', '2014-10-26 08:30:17', 'active', ''),
(279, 'JJJJ Bakery', '', '2014-10-26 08:30:28', '2014-10-26 08:30:28', 'active', ''),
(280, 'JLC', '', '2014-10-26 08:30:38', '2014-10-26 08:30:38', 'active', 'Bagsakan'),
(281, 'JM', '', '2014-10-26 08:30:44', '2014-10-26 08:30:44', 'active', ''),
(282, 'JMC Kapuso Bakery', '', '2014-10-26 08:31:02', '2014-10-26 08:31:02', 'active', 'Aurora'),
(283, 'Jo-Jess Store', '', '2014-10-26 08:33:35', '2014-10-26 08:33:35', 'active', 'Palengke'),
(284, 'Joan', '', '2014-10-26 08:33:41', '2014-10-26 08:33:41', 'active', ''),
(285, 'Jocelyn', '', '2014-10-26 08:33:54', '2014-10-26 08:33:54', 'active', 'Palengke'),
(286, 'Jocelyn Binuya', '', '2014-10-26 08:34:07', '2014-10-26 08:34:07', 'active', ''),
(287, 'Jocelyn Dela Cruz', '', '2014-10-26 08:34:48', '2014-10-26 08:34:48', 'active', 'Alcala'),
(288, 'Jocelyn & Butch Porbido', '', '2014-10-26 08:35:21', '2014-10-26 08:35:21', 'active', 'Urdaneta'),
(289, 'Joey Sarmiento', '', '2014-10-26 08:35:51', '2014-10-26 08:35:51', 'active', ''),
(290, 'Jomar Mones', '', '2014-10-26 08:36:22', '2014-10-26 08:36:22', 'active', ''),
(291, 'Jose', '', '2014-10-26 08:36:41', '2014-10-26 08:36:41', 'active', 'Palengke'),
(292, 'Jose Asenero', '', '2014-10-26 08:40:23', '2014-10-26 08:40:23', 'active', ''),
(293, 'Josefina', '', '2014-10-26 08:40:50', '2014-10-26 08:40:50', 'active', 'Palengke'),
(294, 'Josefina Campo', '', '2014-10-26 08:41:52', '2014-10-26 08:41:52', 'active', 'Balungao'),
(295, 'Joseph De Guzman', '', '2014-10-26 08:42:29', '2014-10-26 08:42:29', 'active', ''),
(296, 'Josephine', '', '2014-10-26 08:42:42', '2014-10-26 08:42:42', 'active', ''),
(297, 'Josie', '', '2014-10-26 08:43:24', '2014-10-26 08:43:24', 'active', 'Palengke'),
(298, 'Josie Aguilan', '', '2014-10-26 08:43:51', '2014-10-26 08:43:51', 'active', 'Salcedo'),
(299, 'Josie Braga', '', '2014-10-26 08:44:30', '2014-10-26 08:44:30', 'active', 'Urdaneta'),
(300, 'Joy', '', '2014-10-26 08:45:09', '2014-10-26 08:45:09', 'active', 'Palengke'),
(301, 'Joyce', '', '2014-10-26 08:45:30', '2014-10-26 08:45:30', 'active', 'Rosales'),
(302, 'Juliana''s Gen.', '', '2014-10-26 08:45:53', '2014-10-26 08:45:53', 'active', ''),
(303, 'Julie Licupa', '', '2014-10-26 08:46:33', '2014-10-26 08:46:33', 'active', 'Balungao'),
(304, 'Juliet Cuizon', '', '2014-10-26 08:47:27', '2014-10-26 08:47:27', 'active', 'San Manuel, Pangasinan'),
(305, 'Julius Dela Cruz', '', '2014-10-26 08:48:40', '2014-10-26 08:48:40', 'active', ''),
(306, 'Julius Sanchez', '', '2014-10-26 08:49:06', '2014-10-26 08:49:06', 'active', ''),
(307, 'Jun Cawali', '', '2014-10-26 08:49:24', '2014-10-26 08:49:24', 'active', 'Baguio'),
(308, 'Jun Corpuz', '', '2014-10-26 08:50:15', '2014-10-26 08:50:15', 'active', ''),
(309, 'Jun De Guzman', '', '2014-10-26 08:51:13', '2014-10-26 08:51:13', 'active', 'San Agustine'),
(310, 'Keanne''s Bakery', '', '2014-10-26 08:51:37', '2014-10-26 08:51:37', 'active', ''),
(311, 'Kuya''s Bakery', '', '2014-10-26 08:51:54', '2014-10-26 08:51:54', 'active', ''),
(312, 'Lady', '', '2014-10-26 08:52:06', '2014-10-26 08:52:06', 'active', ''),
(313, 'Laila''s Bakeshop', '', '2014-10-26 08:52:43', '2014-10-26 08:52:43', 'active', 'Rosales'),
(314, 'Lambino', '', '2014-10-26 08:53:01', '2014-10-26 08:53:01', 'active', 'Bagsakan'),
(315, 'Lando Casayuran', '', '2014-10-26 08:53:33', '2014-10-26 08:53:33', 'active', 'Alcala'),
(316, 'Lando Mandapat', '', '2014-10-26 08:54:02', '2014-10-26 08:54:02', 'active', 'Malasique'),
(317, 'Lanie Corpuz', '', '2014-10-26 08:54:19', '2014-10-26 08:54:19', 'active', ''),
(318, 'Lanie Genodia', '', '2014-10-26 08:55:00', '2014-10-26 08:55:00', 'active', 'Sto.Tomas'),
(319, 'Laraina', '', '2014-10-26 08:55:21', '2014-10-26 08:55:21', 'active', 'Zone 5'),
(320, 'Larnie''s Bakeshop', '', '2014-10-26 08:55:37', '2014-10-26 08:55:37', 'active', ''),
(321, 'Larry (chicharon)', '', '2014-10-26 08:56:06', '2014-10-26 08:56:06', 'active', ''),
(322, 'Lawrence Bakeshop', '', '2014-10-26 08:56:18', '2014-10-26 08:56:18', 'active', ''),
(323, 'LC Marie', '', '2014-10-26 08:56:34', '2014-10-26 08:56:34', 'active', 'Urdaneta'),
(324, 'Leonor', '', '2014-10-26 08:56:49', '2014-10-26 08:56:49', 'active', 'Palengke'),
(325, 'Leth''s Tupig', '', '2014-10-26 08:57:14', '2014-10-26 08:57:14', 'active', 'Bagsakan'),
(326, 'Letty', '', '2014-10-26 08:57:39', '2014-10-26 08:57:39', 'active', 'Palengke'),
(327, 'Letty Rimando', '', '2014-10-26 08:58:00', '2014-10-26 08:58:00', 'active', ''),
(328, 'Liezel Garcia', '', '2014-10-26 08:58:47', '2014-10-26 08:58:47', 'active', 'Umingan'),
(329, 'Liezel Sanchez', '', '2014-10-26 08:59:03', '2014-10-26 08:59:03', 'active', ''),
(330, 'Lilia', '', '2014-10-26 08:59:17', '2014-10-26 08:59:17', 'active', 'Palengke'),
(331, 'Lilia Dela Cruz', '', '2014-10-26 08:59:30', '2014-10-26 08:59:30', 'active', ''),
(332, 'Lilia La Bausa', '', '2014-10-26 08:59:35', '2014-10-26 08:59:35', 'active', 'Balungao'),
(333, 'Lilia Leonin', '', '2014-10-26 09:00:57', '2014-10-26 09:00:57', 'active', ''),
(334, 'Linda', '', '2014-10-26 09:01:15', '2014-10-26 09:01:15', 'active', 'Palengke'),
(335, 'Linda Suyat', '', '2014-10-26 09:02:17', '2014-10-26 09:02:17', 'active', ''),
(336, 'Lita Domingo', '', '2014-10-26 09:02:38', '2014-10-26 09:02:38', 'active', 'Alcala'),
(337, 'Lita Rayray', '', '2014-10-26 09:04:53', '2014-10-26 09:04:53', 'active', 'Palengke'),
(338, 'Lito Arenas', '', '2014-10-26 09:06:49', '2014-10-26 09:06:49', 'active', ''),
(339, 'Liza Dela Cruz', '', '2014-10-26 09:07:51', '2014-10-26 09:07:51', 'active', 'San Manuel'),
(340, 'Lolit', '', '2014-10-26 09:08:12', '2014-10-26 09:08:12', 'active', ''),
(341, 'Lorie', '', '2014-10-26 09:08:19', '2014-10-26 09:08:19', 'active', ''),
(342, 'Lota', '', '2014-10-26 09:08:45', '2014-10-26 09:08:45', 'active', 'Rosales'),
(343, 'Louie', '', '2014-10-26 09:09:16', '2014-10-26 09:09:16', 'active', ''),
(344, 'Lourdes Marquez', '', '2014-10-26 09:10:24', '2014-10-26 09:10:24', 'active', 'Sto.Tomas'),
(345, 'Love ko To', '', '2014-10-26 09:36:14', '2014-10-26 09:36:14', 'active', ''),
(346, 'LPC', '', '2014-10-26 09:36:20', '2014-10-26 09:36:20', 'active', ''),
(347, 'Lulu', '', '2014-10-26 09:36:36', '2014-10-26 09:36:36', 'active', 'Bautista'),
(348, 'Luz Barroga', '', '2014-10-26 09:36:55', '2014-10-26 09:36:55', 'active', ''),
(349, 'Luz Terio', '', '2014-10-26 09:37:08', '2014-10-26 09:37:08', 'active', 'Tomana'),
(350, 'Ly', '', '2014-10-26 09:37:20', '2014-10-26 09:37:20', 'active', 'Bagsakan'),
(351, 'Macky', '', '2014-10-26 09:37:37', '2014-10-26 09:37:37', 'active', 'Bagsakan'),
(352, 'Madriaga', '', '2014-10-26 09:37:48', '2014-10-26 09:37:48', 'active', ''),
(353, 'Magdadaro Malungay', '', '2014-10-26 09:38:11', '2014-10-26 09:38:11', 'active', 'Urdaneta'),
(354, 'Mai', '', '2014-10-26 09:38:29', '2014-10-26 09:38:29', 'active', 'Villasis Market'),
(355, 'Malou', '', '2014-10-26 09:38:40', '2014-10-26 09:38:40', 'active', 'Palengke'),
(356, 'Malou Barroga', '', '2014-10-26 09:38:57', '2014-10-26 09:38:57', 'active', ''),
(357, 'Malou Simon', '', '2014-10-26 09:39:04', '2014-10-26 09:39:04', 'active', ''),
(358, 'Mam Calivo', '', '2014-10-26 09:39:30', '2014-10-26 09:39:30', 'active', 'DRECMHS'),
(359, 'Manantan', '', '2014-10-26 09:39:54', '2014-10-26 09:39:54', 'active', ''),
(360, 'Mang Donald Bakery', '', '2014-10-26 09:40:03', '2014-10-26 09:40:03', 'active', ''),
(361, 'Mang Enciong Lechon', '', '2014-10-26 09:40:27', '2014-10-26 09:40:27', 'active', ''),
(362, 'Mang Yan''s Bakery', '', '2014-10-26 09:40:45', '2014-10-26 09:40:45', 'active', 'Sto.Tomas'),
(363, 'Manny', '', '2014-10-26 09:40:54', '2014-10-26 09:40:54', 'active', ''),
(364, 'Manolo Quiambao', '', '2014-10-26 09:41:23', '2014-10-26 09:41:23', 'active', 'Rosales'),
(365, 'Marcelo', '', '2014-10-26 09:41:33', '2014-10-26 09:41:33', 'active', ''),
(366, 'Marcing', '', '2014-10-26 09:41:54', '2014-10-26 09:41:54', 'active', 'Palengke'),
(367, 'Margarita Bayodan', '', '2014-10-26 09:42:10', '2014-10-26 09:42:10', 'active', 'Balungao'),
(368, 'Margie Aquino', '', '2014-10-26 09:42:20', '2014-10-26 09:42:20', 'active', ''),
(369, 'Maria', '', '2014-10-26 09:42:34', '2014-10-26 09:42:34', 'active', 'Baggsakan'),
(370, 'Maribel', '', '2014-10-26 09:42:54', '2014-10-26 09:42:54', 'active', 'Caramutan'),
(371, 'Maribel Abuan', '', '2014-10-26 09:43:20', '2014-10-26 09:43:20', 'active', 'Puelay'),
(372, 'Maribel Ebajan', '', '2014-10-26 09:45:15', '2014-10-26 09:45:15', 'active', 'Carmay East, Rosales'),
(373, 'Maribel Marzan', '', '2014-10-26 09:45:53', '2014-10-26 09:45:53', 'active', 'Balungao'),
(374, 'Maricel Rosario', '', '2014-10-26 09:46:14', '2014-10-26 09:46:14', 'active', 'Alcala'),
(375, 'Marie Honrado', '', '2014-10-26 09:46:33', '2014-10-26 09:46:33', 'active', 'Urdaneta'),
(376, 'Marie Store', '', '2014-10-26 09:46:54', '2014-10-26 09:46:54', 'active', 'Palengke'),
(377, 'Marife', '', '2014-10-26 09:47:02', '2014-10-26 09:47:02', 'active', ''),
(378, 'Marilyn', '', '2014-10-26 09:47:12', '2014-10-26 09:47:12', 'active', 'Palengke'),
(379, 'Marina Olido', '', '2014-10-26 09:47:20', '2014-10-26 09:47:20', 'active', ''),
(380, 'Mario', '', '2014-10-26 09:47:25', '2014-10-26 09:47:25', 'active', ''),
(381, 'Mario Agliam', '', '2014-10-26 09:47:36', '2014-10-26 09:47:36', 'active', ''),
(382, 'Mario Datuin', '', '2014-10-26 09:47:57', '2014-10-26 09:47:57', 'active', ''),
(383, 'Marissa', '', '2014-10-26 09:48:15', '2014-10-26 09:48:15', 'active', 'Balungao'),
(384, 'Marlen''s Bakery', '', '2014-10-26 09:48:50', '2014-10-26 09:48:50', 'active', 'Sta.Maria'),
(385, 'Marlon', '', '2014-10-26 09:49:01', '2014-10-26 09:49:01', 'active', ''),
(386, 'Marlon Bakery', '', '2014-10-26 09:49:16', '2014-10-26 09:49:16', 'active', ''),
(387, 'Mary Ann Aurelio', '', '2014-10-26 09:49:41', '2014-10-26 09:49:41', 'active', 'Rosales'),
(388, 'Mary Gadiaza', '', '2014-10-26 09:50:12', '2014-10-26 09:50:12', 'active', 'Puelay'),
(389, 'Mary Jane Gonzales', '', '2014-10-26 09:50:26', '2014-10-26 09:50:26', 'active', ''),
(390, 'Mary Store', '', '2014-10-26 09:50:48', '2014-10-26 09:50:48', 'active', 'Palengke'),
(391, 'Matet', '', '2014-10-26 09:51:01', '2014-10-26 09:51:01', 'active', 'Bagsakan'),
(392, 'Max', '', '2014-10-26 09:51:11', '2014-10-26 09:51:11', 'active', 'Palengke'),
(393, 'May Quizon', '', '2014-10-26 09:51:25', '2014-10-26 09:51:25', 'active', 'San Manuel'),
(394, 'May Trading', '', '2014-10-26 09:51:37', '2014-10-26 09:51:37', 'active', 'Villasis'),
(395, 'Mayeth', '', '2014-10-26 09:51:46', '2014-10-26 09:51:46', 'active', ''),
(396, 'Mc Dona''s Bakeshop', '', '2014-10-26 09:52:00', '2014-10-26 09:52:00', 'active', ''),
(397, 'Meging', '', '2014-10-26 09:52:09', '2014-10-26 09:52:09', 'active', ''),
(398, 'Melda', '', '2014-10-26 09:52:18', '2014-10-26 09:52:18', 'active', 'Palengke'),
(399, 'Melet Gamilla', '', '2014-10-26 09:52:43', '2014-10-26 09:52:43', 'active', 'Piaz'),
(400, 'Melet Javier', '', '2014-10-26 09:53:08', '2014-10-26 09:53:08', 'active', 'Palengke'),
(401, 'Meljay', '', '2014-10-26 09:53:16', '2014-10-26 09:53:16', 'active', ''),
(402, 'Melody Judan', '', '2014-10-26 09:54:08', '2014-10-26 09:54:08', 'active', ''),
(403, 'Melody Mones', '', '2014-10-26 09:54:16', '2014-10-26 09:54:16', 'active', ''),
(404, 'Melvin Marquez', '', '2014-10-26 09:54:32', '2014-10-26 09:54:32', 'active', ''),
(405, 'Mema Molina', '', '2014-10-26 20:51:02', '2014-10-26 20:51:02', 'active', ''),
(406, 'Mencias Enterprises', '', '2014-10-26 20:51:24', '2014-10-26 20:51:24', 'active', 'Palengke'),
(407, 'Mercedes Store', '', '2014-10-26 20:51:31', '2014-10-26 20:51:31', 'active', 'San Manuel'),
(408, 'Mhean', '', '2014-10-26 20:52:38', '2014-10-26 20:52:38', 'active', 'Palengke'),
(409, 'Michelle', '', '2014-10-26 20:52:57', '2014-10-26 20:52:57', 'active', 'Palengke'),
(410, 'Mika-Kit Store', '', '2014-10-26 20:53:34', '2014-10-26 20:53:34', 'active', 'Urdaneta'),
(411, 'Mila Ragasa', '', '2014-10-26 20:53:43', '2014-10-26 20:53:43', 'active', ''),
(412, 'Milagring', '', '2014-10-26 20:53:48', '2014-10-26 20:53:48', 'active', ''),
(413, 'Mildred', '', '2014-10-26 20:53:59', '2014-10-26 20:53:59', 'active', 'Urdaneta'),
(414, 'Millano''s Trading', '', '2014-10-26 20:54:32', '2014-10-26 20:54:32', 'active', 'Bagsakan'),
(415, 'Milo', '', '2014-10-26 20:54:43', '2014-10-26 20:54:43', 'active', 'Carmen'),
(416, 'Mina', '', '2014-10-26 20:54:53', '2014-10-26 20:54:53', 'active', 'Puelay'),
(417, 'Monalisa Sembran', '', '2014-10-26 20:55:46', '2014-10-26 20:55:46', 'active', 'DRECMHS'),
(418, 'Monalyn Chan', '', '2014-10-26 20:55:57', '2014-10-26 20:55:57', 'active', ''),
(419, 'Monar', '', '2014-10-26 20:56:07', '2014-10-26 20:56:07', 'active', ''),
(420, 'Monette', '', '2014-10-26 20:56:13', '2014-10-26 20:56:13', 'active', ''),
(421, 'MPC Hillside', '', '2014-10-26 20:56:27', '2014-10-26 20:56:27', 'active', 'Bagsakan'),
(422, 'Mr. X', '', '2014-10-26 20:56:35', '2014-10-26 20:56:35', 'active', ''),
(423, 'Myrna Pineda', '', '2014-10-26 20:56:50', '2014-10-26 20:56:50', 'active', ''),
(424, 'Nancy', '', '2014-10-26 20:57:03', '2014-10-26 20:57:03', 'active', 'Rosales'),
(425, 'Nancy Bandarlipi', '', '2014-10-26 20:57:38', '2014-10-26 20:57:38', 'active', 'Bacag'),
(426, 'Nanz', '', '2014-10-26 20:57:58', '2014-10-26 20:57:58', 'active', 'Urdaneta'),
(427, 'Nathan Planco', '', '2014-10-26 20:58:17', '2014-10-26 20:58:17', 'active', 'Palengke'),
(428, 'Naty Agustin', '', '2014-10-26 21:01:38', '2014-10-26 21:01:38', 'active', 'Balungao'),
(429, 'Neil Fernando', '', '2014-10-26 21:02:26', '2014-10-26 21:02:26', 'active', 'Bagsakan'),
(430, 'Neneng Holido', '', '2014-10-26 21:02:50', '2014-10-26 21:02:50', 'active', 'Balungao'),
(431, 'Nestor Deoferio', '', '2014-10-26 21:07:54', '2014-10-26 21:07:54', 'active', 'San Blas'),
(432, 'Nilda', '', '2014-10-26 21:08:09', '2014-10-26 21:08:09', 'active', ''),
(433, 'Nimfa Limon', '', '2014-10-26 21:08:34', '2014-10-26 21:08:34', 'active', 'Rosales'),
(434, 'Nissan', '', '2014-10-26 21:08:47', '2014-10-26 21:08:47', 'active', 'Palengke'),
(435, 'Noel Mapanao', '', '2014-10-26 21:09:09', '2014-10-26 21:09:09', 'active', 'Alcala'),
(436, 'Noel Mendoza', '', '2014-10-26 21:09:21', '2014-10-26 21:09:21', 'active', ''),
(437, 'Nora', '', '2014-10-26 21:09:26', '2014-10-26 21:09:26', 'active', ''),
(438, 'Nora Bannagao', '', '2014-10-26 21:09:51', '2014-10-26 21:09:51', 'active', 'Palengke'),
(439, 'Nora Marcelo', '', '2014-10-26 21:10:13', '2014-10-26 21:10:13', 'active', 'Puelay'),
(440, 'Norma Godoy', '', '2014-10-26 21:10:35', '2014-10-26 21:10:35', 'active', 'San Felipe'),
(441, 'Norma Lesterio', '', '2014-10-26 21:10:51', '2014-10-26 21:10:51', 'active', ''),
(442, 'Norma Villanueva', '', '2014-10-26 21:11:01', '2014-10-26 21:11:01', 'active', ''),
(443, 'Nory', '', '2014-10-26 21:11:10', '2014-10-26 21:11:10', 'active', 'Palengke'),
(444, 'Olive', '', '2014-10-26 21:11:18', '2014-10-26 21:11:18', 'active', 'Palengke'),
(445, 'Olive', '', '2014-10-26 21:11:34', '2014-10-26 21:11:34', 'active', 'Palengke'),
(446, 'Pan De Unzad', '', '2014-10-26 21:11:54', '2014-10-26 21:11:54', 'active', 'Unzad'),
(447, 'Panaderia De Azura', '', '2014-10-26 21:12:23', '2014-10-26 21:12:23', 'active', 'Rosario'),
(448, 'Pasipiko Manalang', '', '2014-10-26 21:12:38', '2014-10-26 21:12:38', 'active', ''),
(449, 'Patricia Celestre', '', '2014-10-26 21:12:48', '2014-10-26 21:12:48', 'active', ''),
(450, 'Patricia Yu', '', '2014-10-26 21:13:21', '2014-10-26 21:13:21', 'active', ''),
(451, 'Paul & Grace', '', '2014-10-26 21:13:42', '2014-10-26 21:13:42', 'active', 'Urdaneta'),
(452, 'Paul De Guzman', '', '2014-10-26 21:14:02', '2014-10-26 21:14:02', 'active', ''),
(453, 'Paz Ramos', '', '2014-10-26 21:19:27', '2014-10-26 21:19:27', 'active', 'Palengke'),
(454, 'Peralta', '', '2014-10-26 21:19:36', '2014-10-26 21:19:36', 'active', ''),
(455, 'Percy Cabang', '', '2014-10-26 21:19:55', '2014-10-26 21:19:55', 'active', 'Urdaneta'),
(456, 'Perla', '', '2014-10-26 21:20:07', '2014-10-26 21:20:07', 'active', 'Bagsakan'),
(457, 'Peter', '', '2014-10-26 21:20:17', '2014-10-26 21:20:17', 'active', ''),
(458, 'Poly Cuevas', '', '2014-10-26 21:20:31', '2014-10-26 21:20:31', 'active', ''),
(459, 'Potato Madness', '', '2014-10-26 21:20:38', '2014-10-26 21:20:38', 'active', ''),
(460, 'Precila Agamao', '', '2014-10-26 21:21:11', '2014-10-26 21:21:11', 'active', ''),
(461, 'Precy', '', '2014-10-26 21:21:21', '2014-10-26 21:21:21', 'active', 'Palengke'),
(462, 'PrinceMan Bakeshop', '', '2014-10-26 21:21:47', '2014-10-26 21:21:47', 'active', ''),
(463, 'Princess Bakery', '', '2014-10-26 21:21:56', '2014-10-26 21:21:56', 'active', ''),
(464, 'Pulido', '', '2014-10-26 21:22:10', '2014-10-26 21:22:10', 'active', 'Rosales'),
(465, 'Queen Baker', '', '2014-10-26 21:22:23', '2014-10-26 21:22:23', 'active', ''),
(466, 'Quintero Enterp.', '', '2014-10-26 21:22:44', '2014-10-26 21:22:44', 'active', 'Asingan'),
(467, 'R.B', '', '2014-10-26 21:22:58', '2014-10-26 21:22:58', 'active', 'Bagsakan'),
(468, 'Randerson Marketing', '', '2014-10-26 21:23:16', '2014-10-26 21:23:16', 'active', ''),
(469, 'Randy', '', '2014-10-26 21:23:23', '2014-10-26 21:23:23', 'active', ''),
(470, 'Raquel', '', '2014-10-26 21:23:38', '2014-10-26 21:23:38', 'active', ''),
(471, 'Raul Yerro', '', '2014-10-26 21:23:57', '2014-10-26 21:23:57', 'active', 'Urdaneta'),
(472, 'Razol Rivera', '', '2014-10-26 21:24:27', '2014-10-26 21:24:27', 'active', 'Rosales'),
(473, 'Rebecca Store', '', '2014-10-26 21:24:42', '2014-10-26 21:24:42', 'active', 'Palengke'),
(474, 'Rebecca Gonzales', '', '2014-10-26 21:25:48', '2014-10-26 21:25:48', 'active', ''),
(475, 'Regina Gabwat', '', '2014-10-26 21:26:03', '2014-10-26 21:26:03', 'active', ''),
(476, 'Relox Bakery', '', '2014-10-26 21:26:18', '2014-10-26 21:26:18', 'active', 'Asingan'),
(477, 'Remy Fortich', '', '2014-10-26 21:26:24', '2014-10-26 21:26:24', 'active', 'Rosario'),
(478, 'Renan', '', '2014-10-26 21:27:30', '2014-10-26 21:27:30', 'active', 'Palengke'),
(479, 'Rene Ramos', '', '2014-10-26 21:27:44', '2014-10-26 21:27:44', 'active', ''),
(480, 'Rey', '', '2014-10-26 21:27:57', '2014-10-26 21:27:57', 'active', 'Asingan'),
(481, 'Rhea', '', '2014-10-26 21:28:05', '2014-10-26 21:28:05', 'active', ''),
(482, 'Rica''s Bakery', '', '2014-10-26 21:28:16', '2014-10-26 21:28:16', 'active', ''),
(483, 'Richard', '', '2014-10-26 21:28:35', '2014-10-26 21:28:35', 'active', 'Urdaneta'),
(484, 'Rico', '', '2014-10-26 21:28:42', '2014-10-26 21:28:42', 'active', ''),
(485, 'Rino', '', '2014-10-26 21:28:54', '2014-10-26 21:28:54', 'active', 'Salcedo'),
(486, 'Riza', '', '2014-10-26 21:29:09', '2014-10-26 21:29:09', 'active', 'Rosales'),
(487, 'RK Bakery', '', '2014-10-26 21:29:17', '2014-10-26 21:29:17', 'active', ''),
(488, 'Roda', '', '2014-10-26 21:29:27', '2014-10-26 21:29:27', 'active', 'Palengke'),
(489, 'Rodel Bolima', '', '2014-10-26 21:30:35', '2014-10-26 21:30:35', 'active', 'Carmen'),
(490, 'Roel', '', '2014-10-26 21:30:49', '2014-10-26 21:30:49', 'active', 'Palengke'),
(491, 'Rogelio Ubaldo', '', '2014-10-26 21:31:01', '2014-10-26 21:31:01', 'active', ''),
(492, 'Rolly Balolong', '', '2014-10-26 21:31:26', '2014-10-26 21:31:26', 'active', 'Unzad'),
(493, 'Rommel', '', '2014-10-26 21:31:36', '2014-10-26 21:31:36', 'active', ''),
(494, 'Romy', '', '2014-10-26 21:31:48', '2014-10-26 21:31:48', 'active', 'Palengke'),
(495, 'Ronald Rabanal', '', '2014-10-26 21:32:18', '2014-10-26 21:32:18', 'active', 'Cuyapo'),
(496, 'Ronie Meranda', '', '2014-10-26 21:32:39', '2014-10-26 21:32:39', 'active', 'Dagupan'),
(497, 'Rosa Malecdem', '', '2014-10-26 21:33:19', '2014-10-26 21:33:19', 'active', 'Urdaneta'),
(498, 'Rosalina Ramos', '', '2014-10-26 21:33:28', '2014-10-26 21:33:28', 'active', ''),
(499, 'Rose Joe Merchandise', '', '2014-10-26 21:34:02', '2014-10-26 21:34:02', 'active', 'Nueva Ecija'),
(500, 'Rose Laurencio', '', '2014-10-26 21:34:21', '2014-10-26 21:34:21', 'active', ''),
(501, 'Rosita Dominguez', '', '2014-10-26 21:35:15', '2014-10-26 21:35:15', 'active', 'Balungao'),
(502, 'Rossana', '', '2014-10-26 21:35:23', '2014-10-26 21:35:23', 'active', ''),
(503, 'Ruby', '', '2014-10-26 21:35:33', '2014-10-26 21:35:33', 'active', 'Piaz'),
(504, 'Ruel', '', '2014-10-26 21:35:44', '2014-10-26 21:35:44', 'active', 'Palengke'),
(505, 'Rusty', '', '2014-10-26 21:35:52', '2014-10-26 21:35:52', 'active', ''),
(506, 'Ruth', '', '2014-10-26 21:35:57', '2014-10-26 21:35:57', 'active', ''),
(507, 'RVC', '', '2014-10-26 21:36:08', '2014-10-26 21:36:08', 'active', 'Tarlac'),
(508, 'Ryan', '', '2014-10-26 21:36:14', '2014-10-26 21:36:14', 'active', ''),
(509, 'S & S Bakery', '', '2014-10-26 21:36:30', '2014-10-26 21:36:30', 'active', ''),
(510, 'Salvador Cabanting', '', '2014-10-26 21:36:53', '2014-10-26 21:36:53', 'active', 'San Manuel'),
(511, 'Sam''s', '', '2014-10-26 21:37:09', '2014-10-26 21:37:09', 'active', 'SM Rosales'),
(512, 'Samkin''s Mini Mart', '', '2014-10-26 21:37:38', '2014-10-26 21:37:38', 'active', 'Carmen'),
(513, 'San Manuel Coop', '', '2014-10-26 21:37:53', '2014-10-26 21:37:53', 'active', ''),
(514, 'Sean', '', '2014-10-26 21:38:26', '2014-10-26 21:38:26', 'active', 'Malasiqui'),
(515, 'Serquina', '', '2014-10-26 21:38:43', '2014-10-26 21:38:43', 'active', ''),
(516, 'Shaina Store', '', '2014-10-26 21:38:52', '2014-10-26 21:38:52', 'active', ''),
(517, 'Sharaya', '', '2014-10-26 21:39:09', '2014-10-26 21:39:09', 'active', 'Bagsakan'),
(518, 'Share Bread House', '', '2014-10-26 21:39:26', '2014-10-26 21:39:26', 'active', ''),
(519, 'Sherryl', '', '2014-10-26 21:39:56', '2014-10-26 21:39:56', 'active', 'Palengke'),
(520, 'Sheryll', '', '2014-10-26 21:40:22', '2014-10-26 21:40:22', 'active', 'Zone 4'),
(521, 'Siling Bentigan', '', '2014-10-26 21:40:41', '2014-10-26 21:40:41', 'active', 'Palengke'),
(522, 'Simon Tapic', '', '2014-10-26 21:41:05', '2014-10-26 21:41:05', 'active', 'Moncada'),
(523, 'Soling Gavina', '', '2014-10-26 21:41:29', '2014-10-26 21:41:29', 'active', 'Palengke'),
(524, 'Sonia', '', '2014-10-26 21:41:43', '2014-10-26 21:41:43', 'active', 'San Manuel'),
(525, 'Sonia Buksit', '', '2014-10-26 21:42:14', '2014-10-26 21:42:14', 'active', 'Bagsakan'),
(526, 'Sonny Rabara', '', '2014-10-26 21:42:38', '2014-10-26 21:42:38', 'active', 'Puelay'),
(527, 'Subido', '', '2014-10-26 21:43:01', '2014-10-26 21:43:01', 'active', 'Umingan'),
(528, 'Susan', '', '2014-10-26 21:43:10', '2014-10-26 21:43:10', 'active', ''),
(529, 'Sylvia Labiste', '', '2014-10-26 21:43:31', '2014-10-26 21:43:31', 'active', 'Palengke'),
(530, 'Tamayo', '', '2014-10-26 21:44:12', '2014-10-26 21:44:12', 'active', 'Palengke'),
(531, 'Tarlac', '', '2014-10-26 21:44:22', '2014-10-26 21:44:22', 'active', ''),
(532, 'Tessie', '', '2014-10-26 21:44:36', '2014-10-26 21:44:36', 'active', 'Palengke'),
(533, 'The King''s Bakery', '', '2014-10-26 21:44:55', '2014-10-26 21:44:55', 'active', 'San Manuel'),
(534, 'Thian''s Bakery', '', '2014-10-26 21:45:29', '2014-10-26 21:45:29', 'active', 'Nueva Ecija'),
(535, 'Tirso Grospe', '', '2014-10-26 21:45:52', '2014-10-26 21:45:52', 'active', 'Rosales'),
(536, 'Tita Cabural', '', '2014-10-26 21:46:12', '2014-10-26 21:46:12', 'active', ''),
(537, 'Topic Ice Cream', '', '2014-10-26 21:46:36', '2014-10-26 21:46:36', 'active', 'Rosales'),
(538, 'Topz Tsalap Tsalap', '', '2014-10-26 21:46:57', '2014-10-26 21:46:57', 'active', 'Palengke'),
(539, 'Ulysses', '', '2014-10-26 21:47:31', '2014-10-26 21:47:31', 'active', 'Rosales'),
(540, 'Upong', '', '2014-10-26 21:47:45', '2014-10-26 21:47:45', 'active', 'Bacag'),
(541, 'Vangie Rimando', '', '2014-10-26 21:48:11', '2014-10-26 21:48:11', 'active', 'Umingan'),
(542, 'Vener', '', '2014-10-26 21:48:28', '2014-10-26 21:48:28', 'active', 'Bagsakan'),
(543, 'Vicente', '', '2014-10-26 21:50:02', '2014-10-26 21:50:02', 'active', 'Palengke'),
(544, 'Vicky Cuevas', '', '2014-10-26 21:50:12', '2014-10-26 21:50:12', 'active', ''),
(545, 'Vicky Orial', '', '2014-10-26 21:50:29', '2014-10-26 21:50:29', 'active', 'Palengke'),
(546, 'Victoria Surisantos', '', '2014-10-26 21:51:00', '2014-10-26 21:51:00', 'active', '164 Puelay'),
(547, 'Victory Ice Cream', '', '2014-10-26 21:51:32', '2014-10-26 21:51:32', 'active', ''),
(548, 'Vida', '', '2014-10-26 21:51:50', '2014-10-26 21:51:50', 'active', 'Rosales'),
(549, 'Villaflor Magno', '', '2014-10-26 21:52:08', '2014-10-26 21:52:08', 'active', ''),
(550, 'Vilma Medios', '', '2014-10-26 21:52:19', '2014-10-26 21:52:19', 'active', 'Balungao'),
(551, 'Violy', '', '2014-10-26 21:53:32', '2014-10-26 21:53:32', 'active', 'Palengke'),
(552, 'Violy Soriano', '', '2014-10-26 21:53:56', '2014-10-26 21:53:56', 'active', 'Sto.Tomas'),
(553, 'Virginia', '', '2014-10-26 21:54:10', '2014-10-26 21:54:10', 'active', 'Palengke'),
(554, 'Virginia Esmejarda', '', '2014-10-26 21:54:39', '2014-10-26 21:54:39', 'active', ''),
(555, 'Warlito Badua', '', '2014-10-26 21:54:58', '2014-10-26 21:54:58', 'active', 'Piaz'),
(556, 'Willie Lopez', '', '2014-10-26 21:55:21', '2014-10-26 21:55:21', 'active', 'Rosales'),
(557, 'Wilma & Leonel', '', '2014-10-26 21:55:59', '2014-10-26 21:55:59', 'active', 'Urdaneta'),
(558, 'Wynn Bakery', '', '2014-10-26 21:56:16', '2014-10-26 21:56:16', 'active', 'Rosales'),
(559, 'Xanrax Farm Inc.', '', '2014-10-26 21:56:41', '2014-10-26 21:56:41', 'active', 'Bacag'),
(560, 'Yolanda Menia', '', '2014-10-26 21:57:04', '2014-10-26 21:57:04', 'active', 'Rosales'),
(561, 'Yummers', '', '2014-10-26 21:57:15', '2014-10-26 21:57:15', 'active', ''),
(562, 'Zarahemla', '', '2014-10-26 21:57:31', '2014-10-26 21:57:31', 'active', 'Carmen'),
(563, 'Zarate', '', '2014-10-26 21:58:18', '2014-10-26 21:58:18', 'active', ''),
(564, 'Zeena''s Enterprises', '', '2014-10-26 21:58:38', '2014-10-26 21:58:38', 'active', ''),
(565, 'Zenaida Cariaga', '', '2014-10-26 21:58:59', '2014-10-26 21:58:59', 'active', ''),
(566, 'Zenaida Store', '', '2014-10-26 21:59:07', '2014-10-26 21:59:07', 'active', '');
INSERT INTO `client` (`clientId`, `clientName`, `clientContact`, `created_date`, `updated_date`, `status`, `clientAddress`) VALUES
(567, '5 Maria''s Store', '', '2014-10-27 17:50:38', '2014-10-27 17:50:38', 'active', ''),
(568, 'Quick Trip 24/7', '', '2014-10-27 17:55:07', '2014-10-27 17:55:07', 'active', ''),
(569, 'ChiuMart for Retail', '', '2014-10-27 19:45:04', '2014-10-27 19:45:04', 'active', '');

-- --------------------------------------------------------

--
-- Table structure for table `conversion`
--

CREATE TABLE IF NOT EXISTS `conversion` (
  `id` int(11) NOT NULL AUTO_INCREMENT,
  `username` varchar(65) NOT NULL,
  `created_date` datetime NOT NULL DEFAULT CURRENT_TIMESTAMP,
  PRIMARY KEY (`id`)
) ENGINE=InnoDB DEFAULT CHARSET=latin1 AUTO_INCREMENT=1 ;

-- --------------------------------------------------------

--
-- Table structure for table `logs`
--

CREATE TABLE IF NOT EXISTS `logs` (
  `id` int(11) NOT NULL AUTO_INCREMENT,
  `relationId` int(11) NOT NULL,
  `clientId` int(11) NOT NULL,
  `supplierId` int(11) NOT NULL,
  `username` varchar(50) NOT NULL,
  `quantity` double NOT NULL,
  `unit_id` int(11) NOT NULL,
  `product_id` int(11) NOT NULL,
  `price` double NOT NULL,
  `paymentMethod` varchar(30) NOT NULL,
  `log_type` varchar(50) NOT NULL,
  `created_date` datetime NOT NULL DEFAULT CURRENT_TIMESTAMP,
  `supplierPrice` double NOT NULL,
  PRIMARY KEY (`id`)
) ENGINE=InnoDB  DEFAULT CHARSET=latin1 AUTO_INCREMENT=495 ;

--
-- Dumping data for table `logs`
--

INSERT INTO `logs` (`id`, `relationId`, `clientId`, `supplierId`, `username`, `quantity`, `unit_id`, `product_id`, `price`, `paymentMethod`, `log_type`, `created_date`, `supplierPrice`) VALUES
(1, 1, 0, 10, 'Admin', 234, 12, 1, 0, '', 'transaction', '2014-10-27 12:30:18', 0),
(2, 5, 0, 10, 'Admin', 53, 13, 5, 0, '', 'transaction', '2014-10-27 12:30:18', 0),
(3, 1, 0, 10, 'Admin', 234, 12, 1, 0, '', 'transaction', '2014-10-27 13:35:02', 154.35),
(4, 5, 0, 10, 'Admin', 53, 13, 5, 0, '', 'transaction', '2014-10-27 13:35:02', 106.43),
(5, 6, 0, 10, 'Admin', 46, 13, 6, 0, '', 'transaction', '2014-10-27 13:35:02', 202.2),
(6, 7, 0, 10, 'Admin', 59, 13, 7, 0, '', 'transaction', '2014-10-27 13:35:02', 532.16),
(7, 10, 0, 10, 'Admin', 10, 12, 10, 0, '', 'transaction', '2014-10-27 13:35:02', 88.92),
(8, 11, 0, 10, 'Admin', 17, 12, 11, 0, '', 'transaction', '2014-10-27 13:35:02', 103.67),
(9, 13, 0, 10, 'Admin', 519, 12, 13, 0, '', 'transaction', '2014-10-27 13:35:02', 137.3),
(10, 12, 0, 10, 'Admin', 135, 12, 12, 0, '', 'transaction', '2014-10-27 13:35:02', 118.87),
(11, 14, 0, 10, 'Admin', 203, 12, 14, 0, '', 'transaction', '2014-10-27 13:35:02', 182.46),
(12, 15, 0, 10, 'Admin', 133, 12, 15, 0, '', 'transaction', '2014-10-27 13:35:02', 218.86),
(13, 16, 0, 10, 'Admin', 158, 12, 16, 0, '', 'transaction', '2014-10-27 13:35:02', 127.63),
(14, 17, 0, 10, 'Admin', 28, 12, 17, 0, '', 'transaction', '2014-10-27 13:35:02', 146.06),
(15, 21, 0, 10, 'Admin', 107, 12, 21, 0, '', 'transaction', '2014-10-27 13:35:02', 218.86),
(16, 20, 0, 10, 'Admin', 55, 12, 20, 0, '', 'transaction', '2014-10-27 13:35:02', 175.08),
(17, 24, 0, 10, 'Admin', 14, 12, 24, 0, '', 'transaction', '2014-10-27 13:35:02', 350.17),
(18, 25, 0, 10, 'Admin', 17, 12, 25, 0, '', 'transaction', '2014-10-27 13:35:03', 379.2),
(19, 2, 0, 1, 'Admin', 29, 1, 2, 0, '', 'transaction', '2014-10-27 14:19:21', 0),
(20, 3, 0, 1, 'Admin', 16, 1, 3, 0, '', 'transaction', '2014-10-27 14:19:21', 0),
(21, 45, 0, 1, 'Admin', 69, 14, 45, 0, '', 'transaction', '2014-10-27 14:19:21', 0),
(22, 91, 0, 1, 'Admin', 1911, 14, 91, 0, '', 'transaction', '2014-10-27 14:19:21', 0),
(23, 93, 0, 1, 'Admin', 61, 14, 93, 0, '', 'transaction', '2014-10-27 14:19:21', 0),
(24, 4, 0, 14, 'Admin', 208, 7, 4, 0, '', 'transaction', '2014-10-27 14:24:20', 0),
(25, 8, 0, 14, 'Admin', 304, 7, 8, 0, '', 'transaction', '2014-10-27 14:24:20', 0),
(26, 27, 0, 14, 'Admin', 30, 7, 27, 0, '', 'transaction', '2014-10-27 14:24:20', 0),
(27, 30, 0, 14, 'Admin', 608, 7, 30, 0, '', 'transaction', '2014-10-27 14:24:21', 0),
(28, 34, 0, 14, 'Admin', 39, 7, 34, 0, '', 'transaction', '2014-10-27 14:24:21', 0),
(29, 42, 0, 14, 'Admin', 37, 7, 42, 0, '', 'transaction', '2014-10-27 14:24:21', 0),
(30, 43, 0, 14, 'Admin', 41, 7, 43, 0, '', 'transaction', '2014-10-27 14:24:21', 0),
(31, 70, 0, 14, 'Admin', 425, 7, 70, 0, '', 'transaction', '2014-10-27 14:24:21', 0),
(32, 77, 0, 14, 'Admin', 65, 7, 77, 0, '', 'transaction', '2014-10-27 14:24:21', 0),
(33, 97, 0, 14, 'Admin', 58, 7, 97, 0, '', 'transaction', '2014-10-27 14:24:21', 0),
(34, 100, 0, 14, 'Admin', 300, 7, 100, 0, '', 'transaction', '2014-10-27 14:24:21', 0),
(35, 101, 0, 14, 'Admin', 37, 7, 101, 0, '', 'transaction', '2014-10-27 14:24:21', 0),
(36, 103, 0, 14, 'Admin', 39, 7, 103, 0, '', 'transaction', '2014-10-27 14:24:21', 0),
(37, 127, 0, 14, 'Admin', 17, 7, 127, 0, '', 'transaction', '2014-10-27 14:24:21', 0),
(38, 18, 0, 17, 'Admin', 58, 12, 18, 0, '', 'transaction', '2014-10-27 14:25:11', 0),
(39, 19, 0, 17, 'Admin', 85, 12, 19, 0, '', 'transaction', '2014-10-27 14:25:11', 0),
(40, 26, 0, 19, 'Admin', 5, 10, 26, 0, '', 'transaction', '2014-10-27 14:26:30', 0),
(41, 28, 0, 7, 'Admin', 30, 13, 28, 0, '', 'transaction', '2014-10-27 14:29:36', 0),
(42, 29, 0, 7, 'Admin', 82, 13, 29, 0, '', 'transaction', '2014-10-27 14:29:36', 0),
(43, 75, 0, 7, 'Admin', 53, 12, 75, 0, '', 'transaction', '2014-10-27 14:29:36', 0),
(44, 76, 0, 7, 'Admin', 71, 12, 76, 0, '', 'transaction', '2014-10-27 14:29:36', 0),
(45, 95, 0, 7, 'Admin', 1, 7, 95, 0, '', 'transaction', '2014-10-27 14:29:36', 0),
(46, 104, 0, 7, 'Admin', 101, 12, 104, 0, '', 'transaction', '2014-10-27 14:29:36', 0),
(47, 105, 0, 7, 'Admin', 315, 12, 105, 0, '', 'transaction', '2014-10-27 14:29:36', 0),
(48, 106, 0, 7, 'Admin', 146, 12, 106, 0, '', 'transaction', '2014-10-27 14:29:36', 0),
(49, 121, 0, 7, 'Admin', 369, 13, 121, 0, '', 'transaction', '2014-10-27 14:29:37', 0),
(50, 122, 0, 7, 'Admin', 399, 13, 122, 0, '', 'transaction', '2014-10-27 14:29:37', 0),
(51, 123, 0, 7, 'Admin', 223, 13, 123, 0, '', 'transaction', '2014-10-27 14:29:37', 0),
(52, 32, 0, 5, 'Admin', 8, 7, 32, 0, '', 'transaction', '2014-10-27 14:32:52', 0),
(53, 46, 0, 5, 'Admin', 135, 1, 46, 0, '', 'transaction', '2014-10-27 14:32:52', 0),
(54, 48, 0, 5, 'Admin', 8, 7, 48, 0, '', 'transaction', '2014-10-27 14:32:52', 0),
(55, 55, 0, 5, 'Admin', 65, 13, 55, 0, '', 'transaction', '2014-10-27 14:32:52', 0),
(56, 60, 0, 5, 'Admin', 39, 7, 60, 0, '', 'transaction', '2014-10-27 14:32:52', 0),
(57, 83, 0, 5, 'Admin', 12, 7, 83, 0, '', 'transaction', '2014-10-27 14:32:52', 0),
(58, 84, 0, 5, 'Admin', 2, 7, 84, 0, '', 'transaction', '2014-10-27 14:32:52', 0),
(59, 94, 0, 5, 'Admin', 151, 13, 94, 0, '', 'transaction', '2014-10-27 14:32:52', 0),
(60, 22, 0, 7, 'Admin', 1000, 13, 22, 0, '', 'transaction', '2014-10-27 14:34:30', 0),
(61, 23, 0, 7, 'Admin', 2, 13, 23, 0, '', 'transaction', '2014-10-27 14:34:31', 0),
(62, 119, 0, 7, 'Admin', 174, 13, 119, 0, '', 'transaction', '2014-10-27 14:34:31', 0),
(63, 120, 0, 7, 'Admin', 332, 13, 120, 0, '', 'transaction', '2014-10-27 14:34:31', 0),
(64, 37, 0, 6, 'Admin', 18, 12, 37, 0, '', 'transaction', '2014-10-27 14:37:33', 0),
(65, 38, 0, 6, 'Admin', 7, 12, 38, 0, '', 'transaction', '2014-10-27 14:37:33', 0),
(66, 44, 0, 6, 'Admin', 197, 1, 44, 0, '', 'transaction', '2014-10-27 14:37:33', 0),
(67, 31, 0, 6, 'Admin', 2113, 11, 31, 0, '', 'transaction', '2014-10-27 14:37:33', 0),
(68, 102, 0, 6, 'Admin', 121, 11, 102, 0, '', 'transaction', '2014-10-27 14:37:34', 0),
(69, 49, 0, 8, 'Admin', 76, 7, 49, 0, '', 'transaction', '2014-10-27 14:39:36', 0),
(70, 74, 0, 8, 'Admin', 29, 7, 74, 0, '', 'transaction', '2014-10-27 14:39:36', 0),
(71, 62, 0, 4, 'Admin', 20, 11, 62, 0, '', 'transaction', '2014-10-27 14:40:47', 0),
(72, 63, 0, 4, 'Admin', 14, 11, 63, 0, '', 'transaction', '2014-10-27 14:40:47', 0),
(73, 64, 0, 4, 'Admin', 2, 11, 64, 0, '', 'transaction', '2014-10-27 14:40:47', 0),
(74, 56, 0, 4, 'Admin', 6, 11, 56, 0, '', 'transaction', '2014-10-27 14:40:47', 0),
(75, 65, 0, 13, 'Admin', 45, 11, 65, 0, '', 'transaction', '2014-10-27 14:42:22', 0),
(76, 66, 0, 13, 'Admin', 69, 11, 66, 0, '', 'transaction', '2014-10-27 14:42:22', 0),
(77, 67, 0, 13, 'Admin', 93, 11, 67, 0, '', 'transaction', '2014-10-27 14:42:22', 0),
(78, 68, 0, 13, 'Admin', 58, 11, 68, 0, '', 'transaction', '2014-10-27 14:42:22', 0),
(79, 69, 0, 13, 'Admin', 269, 11, 69, 0, '', 'transaction', '2014-10-27 14:42:22', 0),
(80, 71, 0, 12, 'Admin', 4211, 11, 71, 0, '', 'transaction', '2014-10-27 14:43:54', 0),
(81, 72, 0, 12, 'Admin', 3, 11, 72, 0, '', 'transaction', '2014-10-27 14:43:54', 0),
(82, 52, 0, 12, 'Admin', 3, 10, 52, 0, '', 'transaction', '2014-10-27 14:43:54', 0),
(83, 39, 0, 18, 'Admin', 10, 7, 39, 0, '', 'transaction', '2014-10-27 14:46:35', 0),
(84, 40, 0, 18, 'Admin', 6, 7, 40, 0, '', 'transaction', '2014-10-27 14:46:35', 0),
(85, 96, 0, 18, 'Admin', 36, 11, 96, 0, '', 'transaction', '2014-10-27 14:46:35', 0),
(86, 107, 0, 18, 'Admin', 8, 11, 107, 0, '', 'transaction', '2014-10-27 14:46:35', 0),
(87, 108, 0, 18, 'Admin', 19, 11, 108, 0, '', 'transaction', '2014-10-27 14:46:35', 0),
(88, 109, 0, 18, 'Admin', 92, 11, 109, 0, '', 'transaction', '2014-10-27 14:46:35', 0),
(89, 110, 0, 18, 'Admin', 14, 11, 110, 0, '', 'transaction', '2014-10-27 14:46:35', 0),
(90, 118, 0, 18, 'Admin', 9, 11, 118, 0, '', 'transaction', '2014-10-27 14:46:35', 0),
(91, 87, 0, 3, 'Admin', 86, 11, 87, 0, '', 'transaction', '2014-10-27 14:47:21', 0),
(92, 88, 0, 3, 'Admin', 190, 11, 88, 0, '', 'transaction', '2014-10-27 14:47:21', 0),
(93, 89, 0, 3, 'Admin', 115, 11, 89, 0, '', 'transaction', '2014-10-27 14:47:21', 0),
(94, 90, 0, 3, 'Admin', 126, 11, 90, 0, '', 'transaction', '2014-10-27 14:47:21', 0),
(95, 98, 0, 16, 'Admin', 162, 11, 98, 0, '', 'transaction', '2014-10-27 14:47:41', 0),
(96, 111, 0, 9, 'Admin', 223, 13, 111, 0, '', 'transaction', '2014-10-27 14:48:38', 0),
(97, 117, 0, 9, 'Admin', 202, 13, 117, 0, '', 'transaction', '2014-10-27 14:48:38', 0),
(98, 112, 0, 9, 'Admin', 156, 13, 112, 0, '', 'transaction', '2014-10-27 14:48:38', 0),
(99, 113, 0, 9, 'Admin', 148, 13, 113, 0, '', 'transaction', '2014-10-27 14:48:38', 0),
(100, 114, 0, 9, 'Admin', 84, 13, 114, 0, '', 'transaction', '2014-10-27 14:48:38', 0),
(101, 115, 0, 9, 'Admin', 186, 13, 115, 0, '', 'transaction', '2014-10-27 14:48:38', 0),
(102, 116, 0, 9, 'Admin', 94, 13, 116, 0, '', 'transaction', '2014-10-27 14:48:38', 0),
(103, 9, 0, 23, 'Admin', 62, 1, 9, 0, '', 'transaction', '2014-10-27 15:01:26', 0),
(104, 33, 0, 23, 'Admin', 24, 1, 33, 0, '', 'transaction', '2014-10-27 15:01:26', 0),
(105, 35, 0, 23, 'Admin', 2000, 11, 35, 0, '', 'transaction', '2014-10-27 15:01:26', 0),
(106, 41, 0, 23, 'Admin', 23, 11, 41, 0, '', 'transaction', '2014-10-27 15:01:26', 0),
(107, 47, 0, 23, 'Admin', 83, 1, 47, 0, '', 'transaction', '2014-10-27 15:01:26', 0),
(108, 50, 0, 23, 'Admin', 20, 1, 50, 0, '', 'transaction', '2014-10-27 15:01:26', 0),
(109, 51, 0, 23, 'Admin', 18, 1, 51, 0, '', 'transaction', '2014-10-27 15:01:26', 0),
(110, 59, 0, 23, 'Admin', 67, 1, 59, 0, '', 'transaction', '2014-10-27 15:01:26', 0),
(111, 73, 0, 23, 'Admin', 313, 1, 73, 0, '', 'transaction', '2014-10-27 15:01:26', 0),
(112, 78, 0, 23, 'Admin', 23, 11, 78, 0, '', 'transaction', '2014-10-27 15:01:26', 0),
(113, 80, 0, 23, 'Admin', 33, 1, 80, 0, '', 'transaction', '2014-10-27 15:01:26', 0),
(114, 82, 0, 23, 'Admin', 25, 1, 82, 0, '', 'transaction', '2014-10-27 15:01:26', 0),
(115, 85, 0, 23, 'Admin', 78, 11, 85, 0, '', 'transaction', '2014-10-27 15:01:26', 0),
(116, 86, 0, 23, 'Admin', 3, 11, 86, 0, '', 'transaction', '2014-10-27 15:01:26', 0),
(117, 92, 0, 23, 'Admin', 21, 8, 92, 0, '', 'transaction', '2014-10-27 15:01:26', 0),
(118, 99, 0, 23, 'Admin', 247, 1, 99, 0, '', 'transaction', '2014-10-27 15:01:26', 0),
(119, 125, 0, 23, 'Admin', 18, 1, 125, 0, '', 'transaction', '2014-10-27 15:01:26', 0),
(120, 126, 0, 23, 'Admin', 72, 1, 126, 0, '', 'transaction', '2014-10-27 15:01:26', 0),
(121, 133, 0, 23, 'Admin', 7, 11, 133, 0, '', 'transaction', '2014-10-27 15:03:27', 0),
(122, 132, 0, 24, 'Admin', 25, 11, 132, 0, '', 'transaction', '2014-10-27 15:04:39', 0),
(123, 53, 0, 24, 'Admin', 20, 13, 53, 0, '', 'transaction', '2014-10-27 15:04:39', 0),
(124, 57, 0, 20, 'Admin', 107, 11, 57, 0, '', 'transaction', '2014-10-27 15:06:07', 0),
(125, 58, 0, 20, 'Admin', 17, 11, 58, 0, '', 'transaction', '2014-10-27 15:06:07', 0),
(126, 124, 0, 26, 'Admin', 306, 7, 124, 0, '', 'transaction', '2014-10-27 15:06:46', 0),
(127, 79, 0, 15, 'Admin', 20, 7, 79, 0, '', 'transaction', '2014-10-27 15:07:55', 0),
(128, 81, 0, 25, 'Admin', 28, 7, 81, 0, '', 'transaction', '2014-10-27 15:08:14', 0),
(129, 8, 34, 0, 'Admin', 1, 7, 8, 660, '', 'transaction', '2014-10-27 15:25:05', 0),
(130, 30, 34, 0, 'Admin', 1, 7, 30, 885, '', 'transaction', '2014-10-27 15:25:05', 0),
(131, 91, 34, 0, 'Admin', 6, 14, 91, 765, '', 'transaction', '2014-10-27 15:25:05', 0),
(132, 79, 0, 0, 'Admin', 1, 7, 79, 2180, '', 'transaction', '2014-10-27 15:31:25', 0),
(133, 47, 0, 0, 'Admin', 8, 1, 47, 10, '', 'transaction', '2014-10-27 15:31:25', 0),
(134, 8, 0, 0, 'Admin', 5, 7, 8, 660, '', 'transaction', '2014-10-27 15:31:25', 0),
(135, 9, 0, 0, 'Admin', 8, 1, 9, 30, '', 'transaction', '2014-10-27 15:31:25', 0),
(136, 31, 0, 0, 'Admin', 1, 11, 31, 90, '', 'transaction', '2014-10-27 15:31:25', 0),
(137, 91, 0, 0, 'Admin', 9, 14, 91, 770, '', 'transaction', '2014-10-27 15:31:26', 0),
(138, 41, 0, 0, 'Admin', 2, 11, 41, 25, '', 'transaction', '2014-10-27 15:31:26', 0),
(139, 94, 0, 0, 'Admin', 4, 13, 94, 150, '', 'transaction', '2014-10-27 15:31:26', 0),
(140, 26, 0, 0, 'Admin', 1, 10, 26, 1140, '', 'transaction', '2014-10-27 15:31:26', 0),
(141, 82, 0, 0, 'Admin', 2, 1, 82, 35, '', 'transaction', '2014-10-27 15:31:26', 0),
(142, 112, 0, 0, 'Admin', 2, 13, 112, 29, '', 'transaction', '2014-10-27 15:31:26', 0),
(143, 93, 0, 0, 'Admin', 2, 14, 93, 620, '', 'transaction', '2014-10-27 15:31:26', 0),
(144, 103, 0, 0, 'Admin', 1, 7, 103, 1760, '', 'transaction', '2014-10-27 15:31:26', 0),
(145, 59, 0, 0, 'Admin', 4, 1, 59, 15, '', 'transaction', '2014-10-27 15:38:09', 0),
(146, 30, 0, 0, 'Admin', 2, 7, 30, 885, '', 'transaction', '2014-10-27 15:38:09', 0),
(147, 126, 0, 0, 'Admin', 5, 1, 126, 46, '', 'transaction', '2014-10-27 15:38:09', 0),
(148, 31, 0, 0, 'Admin', 2, 11, 31, 90, '', 'transaction', '2014-10-27 15:38:09', 0),
(149, 91, 0, 0, 'Admin', 1, 14, 91, 770, '', 'transaction', '2014-10-27 15:38:09', 0),
(150, 109, 0, 0, 'Admin', 1, 11, 109, 600, '', 'transaction', '2014-10-27 15:38:09', 0),
(151, 108, 0, 0, 'Admin', 1, 11, 108, 470, '', 'transaction', '2014-10-27 15:38:09', 0),
(152, 17, 0, 0, 'Admin', 1, 12, 17, 165, '', 'transaction', '2014-10-27 15:38:09', 0),
(153, 41, 0, 0, 'Admin', 4, 11, 41, 25, '', 'transaction', '2014-10-27 15:38:09', 0),
(154, 125, 0, 0, 'Admin', 5, 1, 125, 42, '', 'transaction', '2014-10-27 15:38:09', 0),
(155, 73, 0, 0, 'Admin', 4, 1, 73, 37, '', 'transaction', '2014-10-27 15:38:09', 0),
(156, 50, 0, 0, 'Admin', 1, 1, 50, 36, '', 'transaction', '2014-10-27 15:38:09', 0),
(157, 57, 0, 0, 'Admin', 1, 11, 57, 45, '', 'transaction', '2014-10-27 15:38:09', 0),
(158, 71, 14, 0, 'Admin', 100, 11, 71, 37.5, '', 'transaction', '2014-10-27 15:39:12', 0),
(159, 103, 14, 0, 'Admin', 5, 7, 103, 1760, '', 'transaction', '2014-10-27 15:39:12', 0),
(160, 34, 14, 0, 'Admin', 2, 7, 34, 1900, '', 'transaction', '2014-10-27 15:39:12', 0),
(161, 79, 0, 0, 'Admin', 1, 7, 79, 2180, '', 'transaction', '2014-10-27 15:43:50', 0),
(162, 47, 0, 0, 'Admin', 4, 1, 47, 10, '', 'transaction', '2014-10-27 15:43:50', 0),
(163, 59, 0, 0, 'Admin', 4, 1, 59, 15, '', 'transaction', '2014-10-27 15:43:50', 0),
(164, 71, 0, 0, 'Admin', 20, 11, 71, 37.5, '', 'transaction', '2014-10-27 15:43:50', 0),
(165, 126, 0, 0, 'Admin', 25, 1, 126, 46, '', 'transaction', '2014-10-27 15:43:50', 0),
(166, 91, 0, 0, 'Admin', 4, 14, 91, 770, '', 'transaction', '2014-10-27 15:43:50', 0),
(167, 124, 0, 0, 'Admin', 1, 7, 124, 2150, '', 'transaction', '2014-10-27 15:43:50', 0),
(168, 55, 0, 0, 'Admin', 1, 13, 55, 110, '', 'transaction', '2014-10-27 15:43:50', 0),
(169, 94, 0, 0, 'Admin', 1, 13, 94, 150, '', 'transaction', '2014-10-27 15:43:50', 0),
(170, 74, 0, 0, 'Admin', 1, 7, 74, 290, '', 'transaction', '2014-10-27 15:43:50', 0),
(171, 4, 0, 0, 'Admin', 2, 7, 4, 1850, '', 'transaction', '2014-10-27 15:43:50', 0),
(172, 50, 0, 0, 'Admin', 5, 1, 50, 36, '', 'transaction', '2014-10-27 15:43:50', 0),
(173, 19, 0, 0, 'Admin', 1, 12, 19, 160, '', 'transaction', '2014-10-27 15:43:51', 0),
(174, 79, 129, 0, 'Admin', 1, 7, 79, 2180, '', 'transaction', '2014-10-27 15:45:02', 0),
(175, 30, 129, 0, 'Admin', 1, 7, 30, 880, '', 'transaction', '2014-10-27 15:45:02', 0),
(176, 102, 129, 0, 'Admin', 1, 11, 102, 125, '', 'transaction', '2014-10-27 15:45:02', 0),
(177, 45, 129, 0, 'Admin', 2, 14, 45, 1040, '', 'transaction', '2014-10-27 15:45:02', 0),
(178, 27, 129, 0, 'Admin', 1, 7, 27, 1020, '', 'transaction', '2014-10-27 15:45:02', 0),
(179, 8, 0, 0, 'Admin', 5, 7, 8, 660, '', 'transaction', '2014-10-27 15:47:29', 0),
(180, 71, 0, 0, 'Admin', 200, 11, 71, 37.25, '', 'transaction', '2014-10-27 15:47:29', 0),
(181, 9, 0, 0, 'Admin', 2, 1, 9, 30, '', 'transaction', '2014-10-27 15:47:29', 0),
(182, 92, 0, 0, 'Admin', 2, 8, 92, 46, '', 'transaction', '2014-10-27 15:47:29', 0),
(183, 91, 0, 0, 'Admin', 2, 14, 91, 770, '', 'transaction', '2014-10-27 15:47:29', 0),
(184, 45, 0, 0, 'Admin', 2, 14, 45, 1040, '', 'transaction', '2014-10-27 15:47:30', 0),
(185, 124, 0, 0, 'Admin', 1, 7, 124, 2150, '', 'transaction', '2014-10-27 15:47:30', 0),
(186, 114, 0, 0, 'Admin', 12, 13, 114, 38, '', 'transaction', '2014-10-27 15:47:30', 0),
(187, 116, 0, 0, 'Admin', 10, 13, 116, 50, '', 'transaction', '2014-10-27 15:47:30', 0),
(188, 103, 0, 0, 'Admin', 1, 7, 103, 1760, '', 'transaction', '2014-10-27 15:47:30', 0),
(189, 34, 0, 0, 'Admin', 1, 7, 34, 1900, '', 'transaction', '2014-10-27 15:47:30', 0),
(190, 8, 396, 0, 'Admin', 1, 7, 8, 660, '', 'transaction', '2014-10-27 15:48:47', 0),
(191, 30, 396, 0, 'Admin', 2, 7, 30, 880, '', 'transaction', '2014-10-27 15:48:47', 0),
(192, 92, 396, 0, 'Admin', 2, 8, 92, 46, '', 'transaction', '2014-10-27 15:48:47', 0),
(193, 4, 396, 0, 'Admin', 1, 7, 4, 1850, '', 'transaction', '2014-10-27 15:48:47', 0),
(194, 29, 396, 0, 'Admin', 1, 13, 29, 58, '', 'transaction', '2014-10-27 15:48:47', 0),
(195, 28, 396, 0, 'Admin', 2, 13, 28, 80, '', 'transaction', '2014-10-27 15:48:47', 0),
(196, 113, 396, 0, 'Admin', 1, 13, 113, 34, '', 'transaction', '2014-10-27 15:48:47', 0),
(197, 116, 396, 0, 'Admin', 1, 13, 116, 50, '', 'transaction', '2014-10-27 15:48:47', 0),
(198, 117, 396, 0, 'Admin', 1, 13, 117, 75, '', 'transaction', '2014-10-27 15:48:47', 0),
(199, 8, 375, 0, 'Admin', 8, 7, 8, 655, '', 'transaction', '2014-10-27 15:49:17', 0),
(200, 103, 375, 0, 'Admin', 4, 7, 103, 1760, '', 'transaction', '2014-10-27 15:49:17', 0),
(201, 97, 210, 0, 'Admin', 18, 7, 97, 800, '', 'transaction', '2014-10-27 15:49:46', 0),
(202, 8, 68, 0, 'Admin', 3, 7, 8, 660, '', 'transaction', '2014-10-27 15:52:28', 0),
(203, 30, 68, 0, 'Admin', 3, 7, 30, 885, '', 'transaction', '2014-10-27 15:52:28', 0),
(204, 92, 68, 0, 'Admin', 5, 8, 92, 46, '', 'transaction', '2014-10-27 15:52:28', 0),
(205, 102, 68, 0, 'Admin', 3, 11, 102, 125, '', 'transaction', '2014-10-27 15:52:28', 0),
(206, 108, 68, 0, 'Admin', 1, 11, 108, 470, '', 'transaction', '2014-10-27 15:52:28', 0),
(207, 41, 68, 0, 'Admin', 12, 11, 41, 25, '', 'transaction', '2014-10-27 15:52:28', 0),
(208, 4, 68, 0, 'Admin', 1, 7, 4, 1850, '', 'transaction', '2014-10-27 15:52:29', 0),
(209, 58, 68, 0, 'Admin', 2, 11, 58, 115, '', 'transaction', '2014-10-27 15:52:29', 0),
(210, 79, 351, 0, 'Admin', 1, 7, 79, 2180, '', 'transaction', '2014-10-27 15:52:50', 0),
(211, 47, 183, 0, 'Admin', 8, 1, 47, 10, '', 'transaction', '2014-10-27 15:54:11', 0),
(212, 8, 183, 0, 'Admin', 3, 7, 8, 660, '', 'transaction', '2014-10-27 15:54:11', 0),
(213, 30, 183, 0, 'Admin', 6, 7, 30, 880, '', 'transaction', '2014-10-27 15:54:11', 0),
(214, 91, 183, 0, 'Admin', 1, 14, 91, 770, '', 'transaction', '2014-10-27 15:54:11', 0),
(215, 41, 183, 0, 'Admin', 4, 11, 41, 24, '', 'transaction', '2014-10-27 15:54:11', 0),
(216, 4, 183, 0, 'Admin', 2, 7, 4, 1850, '', 'transaction', '2014-10-27 15:54:11', 0),
(217, 44, 183, 0, 'Admin', 1, 1, 44, 80, '', 'transaction', '2014-10-27 15:54:11', 0),
(218, 50, 183, 0, 'Admin', 2, 1, 50, 36, '', 'transaction', '2014-10-27 15:54:12', 0),
(219, 67, 183, 0, 'Admin', 1, 11, 67, 85, '', 'transaction', '2014-10-27 15:54:12', 0),
(220, 106, 208, 0, 'Admin', 25, 12, 106, 98.6, '', 'transaction', '2014-10-27 15:54:36', 0),
(221, 45, 97, 0, 'Admin', 5, 14, 45, 1040, '', 'transaction', '2014-10-27 15:55:45', 0),
(222, 70, 97, 0, 'Admin', 15, 7, 70, 855, '', 'transaction', '2014-10-27 15:55:45', 0),
(223, 4, 97, 0, 'Admin', 2, 7, 4, 1850, '', 'transaction', '2014-10-27 15:55:45', 0),
(224, 9, 0, 0, 'Admin', 5, 1, 9, 30, '', 'transaction', '2014-10-27 15:56:08', 0),
(225, 4, 0, 0, 'Admin', 1, 7, 4, 1850, '', 'transaction', '2014-10-27 15:56:08', 0),
(226, 100, 130, 0, 'Admin', 10, 7, 100, 865, '', 'transaction', '2014-10-27 15:56:27', 0),
(227, 97, 0, 0, 'Admin', 3, 7, 97, 800, '', 'transaction', '2014-10-27 16:02:14', 0),
(228, 126, 0, 0, 'Admin', 2, 1, 126, 46, '', 'transaction', '2014-10-27 16:02:14', 0),
(229, 99, 0, 0, 'Admin', 5, 1, 99, 37, '', 'transaction', '2014-10-27 16:02:14', 0),
(230, 9, 0, 0, 'Admin', 3, 1, 9, 30, '', 'transaction', '2014-10-27 16:02:14', 0),
(231, 92, 0, 0, 'Admin', 7, 8, 92, 46, '', 'transaction', '2014-10-27 16:02:14', 0),
(232, 91, 0, 0, 'Admin', 3, 14, 91, 770, '', 'transaction', '2014-10-27 16:02:15', 0),
(233, 35, 0, 0, 'Admin', 1, 11, 35, 110, '', 'transaction', '2014-10-27 16:02:15', 0),
(234, 85, 0, 0, 'Admin', 1, 11, 85, 60, '', 'transaction', '2014-10-27 16:02:15', 0),
(235, 73, 0, 0, 'Admin', 2, 1, 73, 37, '', 'transaction', '2014-10-27 16:02:15', 0),
(236, 57, 0, 0, 'Admin', 1, 11, 57, 45, '', 'transaction', '2014-10-27 16:02:15', 0),
(237, 79, 0, 0, 'Admin', 1, 7, 79, 2180, '', 'transaction', '2014-10-27 16:04:04', 0),
(238, 100, 0, 0, 'Admin', 2, 7, 100, 870, '', 'transaction', '2014-10-27 16:04:04', 0),
(239, 43, 0, 0, 'Admin', 1, 7, 43, 770, '', 'transaction', '2014-10-27 16:04:04', 0),
(240, 8, 0, 0, 'Admin', 1, 7, 8, 660, '', 'transaction', '2014-10-27 16:04:04', 0),
(241, 126, 0, 0, 'Admin', 13, 1, 126, 46, '', 'transaction', '2014-10-27 16:04:04', 0),
(242, 92, 0, 0, 'Admin', 5, 8, 92, 46, '', 'transaction', '2014-10-27 16:04:04', 0),
(243, 31, 0, 0, 'Admin', 1, 11, 31, 90, '', 'transaction', '2014-10-27 16:04:04', 0),
(244, 91, 0, 0, 'Admin', 2, 14, 91, 770, '', 'transaction', '2014-10-27 16:04:04', 0),
(245, 109, 0, 0, 'Admin', 1, 11, 109, 600, '', 'transaction', '2014-10-27 16:04:04', 0),
(246, 73, 0, 0, 'Admin', 10, 1, 73, 37, '', 'transaction', '2014-10-27 16:04:04', 0),
(247, 74, 0, 0, 'Admin', 1, 7, 74, 290, '', 'transaction', '2014-10-27 16:04:04', 0),
(248, 93, 0, 0, 'Admin', 2, 14, 93, 620, '', 'transaction', '2014-10-27 16:04:04', 0),
(249, 79, 530, 0, 'Admin', 3, 7, 79, 2180, '', 'transaction', '2014-10-27 16:07:34', 0),
(250, 4, 530, 0, 'Admin', 2, 7, 4, 1850, '', 'transaction', '2014-10-27 16:07:35', 0),
(251, 91, 125, 0, 'Admin', 1, 14, 91, 765, '', 'transaction', '2014-10-27 16:08:04', 0),
(252, 35, 125, 0, 'Admin', 1, 11, 35, 110, '', 'transaction', '2014-10-27 16:08:04', 0),
(253, 47, 371, 0, 'Admin', 2, 1, 47, 10, '', 'transaction', '2014-10-27 16:08:54', 0),
(254, 8, 371, 0, 'Admin', 1, 7, 8, 660, '', 'transaction', '2014-10-27 16:08:54', 0),
(255, 30, 371, 0, 'Admin', 3, 7, 30, 880, '', 'transaction', '2014-10-27 16:08:54', 0),
(256, 126, 371, 0, 'Admin', 15, 1, 126, 46, '', 'transaction', '2014-10-27 16:08:55', 0),
(257, 109, 371, 0, 'Admin', 1, 11, 109, 600, '', 'transaction', '2014-10-27 16:08:55', 0),
(258, 73, 371, 0, 'Admin', 35, 1, 73, 37, '', 'transaction', '2014-10-27 16:08:55', 0),
(259, 79, 544, 0, 'Admin', 2, 7, 79, 2180, '', 'transaction', '2014-10-27 16:10:09', 0),
(260, 100, 544, 0, 'Admin', 10, 7, 100, 865, '', 'transaction', '2014-10-27 16:10:09', 0),
(261, 8, 544, 0, 'Admin', 2, 7, 8, 660, '', 'transaction', '2014-10-27 16:10:09', 0),
(262, 31, 544, 0, 'Admin', 5, 11, 31, 90, '', 'transaction', '2014-10-27 16:10:09', 0),
(263, 91, 544, 0, 'Admin', 1, 14, 91, 770, '', 'transaction', '2014-10-27 16:10:10', 0),
(264, 106, 528, 0, 'Admin', 1, 12, 106, 105, '', 'transaction', '2014-10-27 16:14:05', 0),
(265, 91, 200, 0, 'Admin', 4, 14, 91, 765, '', 'transaction', '2014-10-27 16:14:46', 0),
(266, 105, 200, 0, 'Admin', 15, 12, 105, 196, '', 'transaction', '2014-10-27 16:14:46', 0),
(267, 35, 200, 0, 'Admin', 4, 11, 35, 110, '', 'transaction', '2014-10-27 16:14:46', 0),
(268, 91, 438, 0, 'Admin', 1, 14, 91, 765, '', 'transaction', '2014-10-27 16:15:22', 0),
(269, 45, 438, 0, 'Admin', 1, 14, 45, 1040, '', 'transaction', '2014-10-27 16:15:22', 0),
(270, 35, 438, 0, 'Admin', 2, 11, 35, 110, '', 'transaction', '2014-10-27 16:15:22', 0),
(271, 92, 0, 23, 'Admin', 19, 8, 92, 0, '', 'transaction', '2014-10-27 16:29:41', 0),
(272, 8, 0, 0, 'Admin', 1, 7, 8, 660, '', 'transaction', '2014-10-27 16:46:12', 0),
(273, 97, 0, 0, 'Admin', 4, 7, 97, 800, '', 'transaction', '2014-10-27 16:46:12', 0),
(274, 126, 0, 0, 'Admin', 1, 1, 126, 46, '', 'transaction', '2014-10-27 16:46:12', 0),
(275, 9, 0, 0, 'Admin', 1, 1, 9, 30, '', 'transaction', '2014-10-27 16:46:12', 0),
(276, 91, 0, 0, 'Admin', 2, 14, 91, 770, '', 'transaction', '2014-10-27 16:46:12', 0),
(277, 92, 0, 0, 'Admin', 4, 8, 92, 46, '', 'transaction', '2014-10-27 16:46:12', 0),
(278, 70, 0, 0, 'Admin', 1, 7, 70, 860, '', 'transaction', '2014-10-27 16:46:12', 0),
(279, 41, 0, 0, 'Admin', 4, 11, 41, 25, '', 'transaction', '2014-10-27 16:46:13', 0),
(280, 125, 0, 0, 'Admin', 1, 1, 125, 42, '', 'transaction', '2014-10-27 16:46:13', 0),
(281, 73, 0, 0, 'Admin', 9, 1, 73, 37, '', 'transaction', '2014-10-27 16:46:13', 0),
(282, 4, 0, 0, 'Admin', 1, 7, 4, 1850, '', 'transaction', '2014-10-27 16:46:13', 0),
(283, 50, 0, 0, 'Admin', 1, 1, 50, 36, '', 'transaction', '2014-10-27 16:46:13', 0),
(284, 41, 0, 23, 'Admin', 56, 11, 41, 0, '', 'transaction', '2014-10-27 16:46:33', 0),
(285, 126, 0, 0, 'Admin', 3, 1, 126, 46, '', 'transaction', '2014-10-27 16:55:34', 0),
(286, 92, 0, 0, 'Admin', 5, 8, 92, 46, '', 'transaction', '2014-10-27 16:55:34', 0),
(287, 91, 0, 0, 'Admin', 2, 14, 91, 770, '', 'transaction', '2014-10-27 16:55:34', 0),
(288, 70, 0, 0, 'Admin', 1, 7, 70, 860, '', 'transaction', '2014-10-27 16:55:34', 0),
(289, 88, 0, 0, 'Admin', 1, 11, 88, 90, '', 'transaction', '2014-10-27 16:55:34', 0),
(290, 41, 0, 0, 'Admin', 4, 11, 41, 25, '', 'transaction', '2014-10-27 16:55:34', 0),
(291, 85, 0, 0, 'Admin', 1, 11, 85, 60, '', 'transaction', '2014-10-27 16:55:34', 0),
(292, 73, 0, 0, 'Admin', 28, 1, 73, 37, '', 'transaction', '2014-10-27 16:55:34', 0),
(293, 112, 0, 0, 'Admin', 14, 13, 112, 29, '', 'transaction', '2014-10-27 16:55:35', 0),
(294, 50, 0, 0, 'Admin', 1, 1, 50, 36, '', 'transaction', '2014-10-27 16:55:35', 0),
(295, 69, 0, 0, 'Admin', 1, 11, 69, 20, '', 'transaction', '2014-10-27 16:55:35', 0),
(296, 93, 0, 0, 'Admin', 2, 14, 93, 620, '', 'transaction', '2014-10-27 16:55:35', 0),
(297, 91, 187, 0, 'Admin', 1, 14, 91, 765, '', 'transaction', '2014-10-27 17:48:10', 0),
(298, 35, 187, 0, 'Admin', 1, 11, 35, 110, '', 'transaction', '2014-10-27 17:48:10', 0),
(299, 79, 156, 0, 'Admin', 1, 7, 79, 2180, '', 'transaction', '2014-10-27 17:49:21', 0),
(300, 8, 156, 0, 'Admin', 3, 7, 8, 660, '', 'transaction', '2014-10-27 17:49:21', 0),
(301, 91, 156, 0, 'Admin', 7, 14, 91, 765, '', 'transaction', '2014-10-27 17:49:21', 0),
(302, 103, 156, 0, 'Admin', 1, 7, 103, 1760, '', 'transaction', '2014-10-27 17:49:21', 0),
(303, 34, 156, 0, 'Admin', 1, 7, 34, 1900, '', 'transaction', '2014-10-27 17:49:21', 0),
(304, 34, 567, 0, 'Admin', 3, 7, 34, 1860, '', 'transaction', '2014-10-27 17:51:28', 0),
(305, 8, 288, 0, 'Admin', 5, 7, 8, 650, '', 'transaction', '2014-10-27 17:54:30', 0),
(306, 71, 288, 0, 'Admin', 100, 11, 71, 37.25, '', 'transaction', '2014-10-27 17:54:30', 0),
(307, 124, 288, 0, 'Admin', 5, 7, 124, 2150, '', 'transaction', '2014-10-27 17:54:30', 0),
(308, 4, 288, 0, 'Admin', 5, 7, 4, 1850, '', 'transaction', '2014-10-27 17:54:30', 0),
(309, 103, 288, 0, 'Admin', 5, 7, 103, 1760, '', 'transaction', '2014-10-27 17:54:30', 0),
(310, 34, 288, 0, 'Admin', 5, 7, 34, 1850, '', 'transaction', '2014-10-27 17:54:30', 0),
(311, 8, 568, 0, 'Admin', 5, 7, 8, 655, '', 'transaction', '2014-10-27 17:57:32', 0),
(312, 30, 568, 0, 'Admin', 25, 7, 30, 880, '', 'transaction', '2014-10-27 17:57:32', 0),
(313, 91, 568, 0, 'Admin', 2, 14, 91, 770, '', 'transaction', '2014-10-27 17:57:32', 0),
(314, 35, 568, 0, 'Admin', 2, 11, 35, 110, '', 'transaction', '2014-10-27 17:57:32', 0),
(315, 55, 568, 0, 'Admin', 12, 13, 55, 110, '', 'transaction', '2014-10-27 17:57:32', 0),
(316, 94, 568, 0, 'Admin', 3, 13, 94, 150, '', 'transaction', '2014-10-27 17:57:32', 0),
(317, 33, 568, 0, 'Admin', 5, 1, 33, 150, '', 'transaction', '2014-10-27 17:57:33', 0),
(318, 67, 568, 0, 'Admin', 8, 11, 67, 80, '', 'transaction', '2014-10-27 17:57:33', 0),
(319, 79, 410, 0, 'Admin', 1, 7, 79, 2190, '', 'transaction', '2014-10-27 17:58:36', 0),
(320, 79, 278, 0, 'Admin', 1, 7, 79, 2170, '', 'transaction', '2014-10-27 18:01:32', 0),
(321, 100, 278, 0, 'Admin', 15, 7, 100, 865, '', 'transaction', '2014-10-27 18:01:32', 0),
(322, 8, 278, 0, 'Admin', 15, 7, 8, 650, '', 'transaction', '2014-10-27 18:01:32', 0),
(323, 71, 278, 0, 'Admin', 80, 11, 71, 37.5, '', 'transaction', '2014-10-27 18:01:32', 0),
(324, 91, 278, 0, 'Admin', 50, 14, 91, 760, '', 'transaction', '2014-10-27 18:01:32', 0),
(325, 35, 278, 0, 'Admin', 50, 11, 35, 110, '', 'transaction', '2014-10-27 18:01:32', 0),
(326, 124, 278, 0, 'Admin', 1, 7, 124, 2150, '', 'transaction', '2014-10-27 18:01:32', 0),
(327, 103, 278, 0, 'Admin', 2, 7, 103, 1760, '', 'transaction', '2014-10-27 18:01:32', 0),
(328, 100, 323, 0, 'Admin', 5, 7, 100, 865, '', 'transaction', '2014-10-27 18:03:34', 0),
(329, 31, 323, 0, 'Admin', 20, 11, 31, 84, '', 'transaction', '2014-10-27 18:03:34', 0),
(330, 91, 323, 0, 'Admin', 120, 14, 91, 760, '', 'transaction', '2014-10-27 18:03:34', 0),
(331, 45, 323, 0, 'Admin', 5, 14, 45, 1030, '', 'transaction', '2014-10-27 18:03:34', 0),
(332, 35, 323, 0, 'Admin', 125, 11, 35, 110, '', 'transaction', '2014-10-27 18:03:34', 0),
(333, 124, 323, 0, 'Admin', 10, 7, 124, 2150, '', 'transaction', '2014-10-27 18:03:34', 0),
(334, 2, 323, 0, 'Admin', 10, 1, 2, 580, '', 'transaction', '2014-10-27 18:03:35', 0),
(335, 77, 323, 0, 'Admin', 10, 7, 77, 1760, '', 'transaction', '2014-10-27 18:03:35', 0),
(336, 91, 51, 0, 'Admin', 25, 14, 91, 765, '', 'transaction', '2014-10-27 18:07:23', 0),
(337, 35, 51, 0, 'Admin', 25, 11, 35, 110, '', 'transaction', '2014-10-27 18:07:23', 0),
(338, 8, 251, 0, 'Admin', 10, 7, 8, 650, '', 'transaction', '2014-10-27 18:08:34', 0),
(339, 91, 251, 0, 'Admin', 80, 14, 91, 760, '', 'transaction', '2014-10-27 18:08:34', 0),
(340, 35, 251, 0, 'Admin', 80, 11, 35, 110, '', 'transaction', '2014-10-27 18:08:34', 0),
(341, 4, 251, 0, 'Admin', 3, 7, 4, 1850, '', 'transaction', '2014-10-27 18:08:34', 0),
(342, 34, 251, 0, 'Admin', 2, 7, 34, 1850, '', 'transaction', '2014-10-27 18:08:34', 0),
(343, 4, 148, 0, 'Admin', 1, 7, 4, 1850, '', 'transaction', '2014-10-27 18:08:58', 0),
(344, 8, 323, 0, 'Admin', 20, 7, 8, 650, '', 'transaction', '2014-10-27 18:09:40', 0),
(345, 91, 323, 0, 'Admin', 30, 14, 91, 760, '', 'transaction', '2014-10-27 18:09:40', 0),
(346, 124, 323, 0, 'Admin', 2, 7, 124, 2150, '', 'transaction', '2014-10-27 18:09:40', 0),
(347, 15, 148, 0, 'Admin', 2, 12, 15, 243, '', 'transaction', '2014-10-27 18:13:25', 0),
(348, 16, 148, 0, 'Admin', 7, 12, 16, 145, '', 'transaction', '2014-10-27 18:13:25', 0),
(349, 17, 148, 0, 'Admin', 2, 12, 17, 165, '', 'transaction', '2014-10-27 18:13:25', 0),
(350, 20, 148, 0, 'Admin', 4, 12, 20, 195, '', 'transaction', '2014-10-27 18:13:25', 0),
(351, 21, 148, 0, 'Admin', 4, 12, 21, 243, '', 'transaction', '2014-10-27 18:13:25', 0),
(352, 5, 148, 0, 'Admin', 2, 13, 5, 135, '', 'transaction', '2014-10-27 18:13:25', 0),
(353, 47, 148, 0, 'Admin', 10, 1, 47, 10, '', 'transaction', '2014-10-27 18:25:13', 0),
(354, 100, 148, 0, 'Admin', 20, 7, 100, 865, '', 'transaction', '2014-10-27 18:25:13', 0),
(355, 8, 148, 0, 'Admin', 10, 7, 8, 650, '', 'transaction', '2014-10-27 18:25:13', 0),
(356, 49, 148, 0, 'Admin', 1, 7, 49, 800, '', 'transaction', '2014-10-27 18:25:13', 0),
(357, 31, 148, 0, 'Admin', 20, 11, 31, 87.5, '', 'transaction', '2014-10-27 18:25:13', 0),
(358, 91, 148, 0, 'Admin', 2, 14, 91, 770, '', 'transaction', '2014-10-27 18:25:14', 0),
(359, 107, 148, 0, 'Admin', 1, 11, 107, 2270, '', 'transaction', '2014-10-27 18:25:14', 0),
(360, 35, 148, 0, 'Admin', 2, 11, 35, 110, '', 'transaction', '2014-10-27 18:25:14', 0),
(361, 40, 148, 0, 'Admin', 1, 7, 40, 1200, '', 'transaction', '2014-10-27 18:25:14', 0),
(362, 55, 148, 0, 'Admin', 5, 13, 55, 110, '', 'transaction', '2014-10-27 18:25:14', 0),
(363, 94, 148, 0, 'Admin', 10, 13, 94, 150, '', 'transaction', '2014-10-27 18:25:14', 0),
(364, 33, 148, 0, 'Admin', 2, 1, 33, 150, '', 'transaction', '2014-10-27 18:25:14', 0),
(365, 4, 148, 0, 'Admin', 4, 7, 4, 1850, '', 'transaction', '2014-10-27 18:25:14', 0),
(366, 37, 60, 0, 'Admin', 1, 12, 37, 680, '', 'transaction', '2014-10-27 18:41:05', 0),
(367, 91, 60, 0, 'Admin', 100, 14, 91, 760, '', 'transaction', '2014-10-27 18:41:05', 0),
(368, 35, 60, 0, 'Admin', 100, 11, 35, 110, '', 'transaction', '2014-10-27 18:41:05', 0),
(369, 94, 60, 0, 'Admin', 5, 13, 94, 150, '', 'transaction', '2014-10-27 18:41:05', 0),
(370, 30, 52, 0, 'Admin', 30, 7, 30, 870, '', 'transaction', '2014-10-27 18:44:01', 0),
(371, 91, 52, 0, 'Admin', 70, 14, 91, 760, '', 'transaction', '2014-10-27 18:44:01', 0),
(372, 109, 52, 0, 'Admin', 10, 11, 109, 600, '', 'transaction', '2014-10-27 18:44:01', 0),
(373, 35, 52, 0, 'Admin', 70, 11, 35, 110, '', 'transaction', '2014-10-27 18:44:01', 0),
(374, 27, 52, 0, 'Admin', 1, 7, 27, 990, '', 'transaction', '2014-10-27 18:44:01', 0),
(375, 28, 52, 0, 'Admin', 5, 13, 28, 80, '', 'transaction', '2014-10-27 18:44:01', 0),
(376, 52, 52, 0, 'Admin', 2, 10, 52, 960, '', 'transaction', '2014-10-27 18:44:01', 0),
(377, 30, 360, 0, 'Admin', 10, 7, 30, 880, '', 'transaction', '2014-10-27 18:44:56', 0),
(378, 79, 318, 0, 'Admin', 1, 7, 79, 2180, '', 'transaction', '2014-10-27 18:45:41', 0),
(379, 91, 318, 0, 'Admin', 4, 14, 91, 770, '', 'transaction', '2014-10-27 18:45:42', 0),
(380, 4, 318, 0, 'Admin', 1, 7, 4, 1850, '', 'transaction', '2014-10-27 18:45:42', 0),
(381, 100, 243, 0, 'Admin', 1, 7, 100, 870, '', 'transaction', '2014-10-27 18:47:42', 0),
(382, 8, 243, 0, 'Admin', 2, 7, 8, 660, '', 'transaction', '2014-10-27 18:47:42', 0),
(383, 91, 243, 0, 'Admin', 1, 14, 91, 765, '', 'transaction', '2014-10-27 18:47:42', 0),
(384, 3, 243, 0, 'Admin', 1, 1, 3, 775, '', 'transaction', '2014-10-27 18:47:42', 0),
(385, 103, 243, 0, 'Admin', 1, 7, 103, 1760, '', 'transaction', '2014-10-27 18:47:42', 0),
(386, 2014110074, 243, 0, 'Admin', 0, 0, 0, 3000, 'Cash', 'Balance', '2014-10-27 18:53:03', 0),
(387, 91, 133, 0, 'Admin', 2, 14, 91, 765, '', 'transaction', '2014-10-27 18:54:14', 0),
(388, 35, 133, 0, 'Admin', 2, 11, 35, 110, '', 'transaction', '2014-10-27 18:54:14', 0),
(389, 91, 124, 0, 'Admin', 1, 14, 91, 765, '', 'transaction', '2014-10-27 18:55:27', 0),
(390, 35, 124, 0, 'Admin', 1, 11, 35, 110, '', 'transaction', '2014-10-27 18:55:27', 0),
(391, 91, 461, 0, 'Admin', 1, 14, 91, 765, '', 'transaction', '2014-10-27 18:55:56', 0),
(392, 35, 461, 0, 'Admin', 1, 11, 35, 110, '', 'transaction', '2014-10-27 18:55:57', 0),
(393, 8, 337, 0, 'Admin', 1, 7, 8, 660, '', 'transaction', '2014-10-27 18:56:43', 0),
(394, 91, 337, 0, 'Admin', 4, 14, 91, 765, '', 'transaction', '2014-10-27 18:56:43', 0),
(395, 35, 337, 0, 'Admin', 4, 11, 35, 110, '', 'transaction', '2014-10-27 18:56:43', 0),
(396, 4, 337, 0, 'Admin', 1, 7, 4, 1850, '', 'transaction', '2014-10-27 18:56:43', 0),
(397, 8, 354, 0, 'Admin', 1, 7, 8, 660, '', 'transaction', '2014-10-27 18:57:26', 0),
(398, 91, 354, 0, 'Admin', 2, 14, 91, 765, '', 'transaction', '2014-10-27 18:57:26', 0),
(399, 35, 354, 0, 'Admin', 2, 11, 35, 110, '', 'transaction', '2014-10-27 18:57:26', 0),
(400, 91, 494, 0, 'Admin', 2, 14, 91, 765, '', 'transaction', '2014-10-27 18:57:55', 0),
(401, 35, 494, 0, 'Admin', 2, 11, 35, 110, '', 'transaction', '2014-10-27 18:57:55', 0),
(402, 91, 42, 0, 'Admin', 2, 14, 91, 765, '', 'transaction', '2014-10-27 18:58:41', 0),
(403, 35, 42, 0, 'Admin', 2, 11, 35, 110, '', 'transaction', '2014-10-27 18:58:41', 0),
(404, 105, 208, 0, 'Admin', 5, 12, 105, 205, '', 'transaction', '2014-10-27 18:59:08', 0),
(405, 91, 286, 0, 'Admin', 1, 14, 91, 765, '', 'transaction', '2014-10-27 19:00:21', 0),
(406, 35, 286, 0, 'Admin', 1, 11, 35, 110, '', 'transaction', '2014-10-27 19:00:21', 0),
(407, 91, 293, 0, 'Admin', 1, 14, 91, 765, '', 'transaction', '2014-10-27 19:01:08', 0),
(408, 35, 293, 0, 'Admin', 1, 11, 35, 110, '', 'transaction', '2014-10-27 19:01:08', 0),
(409, 3, 407, 0, 'Admin', 1, 1, 3, 775, '', 'transaction', '2014-10-27 19:01:51', 0),
(410, 3, 543, 0, 'Admin', 1, 1, 3, 775, '', 'transaction', '2014-10-27 19:02:09', 0),
(411, 106, 529, 0, 'Admin', 1, 12, 106, 105, '', 'transaction', '2014-10-27 19:02:45', 0),
(412, 105, 529, 0, 'Admin', 1, 12, 105, 205, '', 'transaction', '2014-10-27 19:02:45', 0),
(413, 3, 529, 0, 'Admin', 1, 1, 3, 775, '', 'transaction', '2014-10-27 19:02:45', 0),
(414, 8, 545, 0, 'Admin', 1, 7, 8, 660, '', 'transaction', '2014-10-27 19:03:30', 0),
(415, 35, 545, 0, 'Admin', 2, 11, 35, 110, '', 'transaction', '2014-10-27 19:03:30', 0),
(416, 124, 545, 0, 'Admin', 1, 7, 124, 2150, '', 'transaction', '2014-10-27 19:03:30', 0),
(417, 93, 545, 0, 'Admin', 2, 14, 93, 615, '', 'transaction', '2014-10-27 19:03:30', 0),
(418, 91, 326, 0, 'Admin', 2, 14, 91, 765, '', 'transaction', '2014-10-27 19:04:21', 0),
(419, 106, 326, 0, 'Admin', 1, 12, 106, 105, '', 'transaction', '2014-10-27 19:04:22', 0),
(420, 35, 326, 0, 'Admin', 2, 11, 35, 110, '', 'transaction', '2014-10-27 19:04:22', 0),
(421, 34, 326, 0, 'Admin', 1, 7, 34, 1900, '', 'transaction', '2014-10-27 19:04:22', 0),
(422, 91, 334, 0, 'Admin', 1, 14, 91, 765, '', 'transaction', '2014-10-27 19:04:53', 0),
(423, 35, 334, 0, 'Admin', 1, 11, 35, 110, '', 'transaction', '2014-10-27 19:04:53', 0),
(424, 91, 355, 0, 'Admin', 2, 14, 91, 765, '', 'transaction', '2014-10-27 19:05:33', 0),
(425, 35, 355, 0, 'Admin', 2, 11, 35, 110, '', 'transaction', '2014-10-27 19:05:33', 0),
(426, 34, 355, 0, 'Admin', 1, 7, 34, 1900, '', 'transaction', '2014-10-27 19:05:33', 0),
(427, 100, 438, 0, 'Admin', 3, 7, 100, 865, '', 'transaction', '2014-10-27 19:05:57', 0),
(428, 8, 532, 0, 'Admin', 1, 7, 8, 660, '', 'transaction', '2014-10-27 19:06:14', 0),
(429, 105, 93, 0, 'Admin', 15, 12, 105, 196, '', 'transaction', '2014-10-27 19:06:40', 0),
(430, 79, 75, 0, 'Admin', 1, 7, 79, 2180, '', 'transaction', '2014-10-27 19:07:47', 0),
(431, 103, 354, 0, 'Admin', 1, 7, 103, 1760, '', 'transaction', '2014-10-27 19:08:51', 0),
(432, 8, 355, 0, 'Admin', 1, 7, 8, 660, '', 'transaction', '2014-10-27 19:09:08', 0),
(433, 30, 371, 0, 'Admin', 2, 7, 30, 880, '', 'transaction', '2014-10-27 19:12:03', 0),
(434, 15, 371, 0, 'Admin', 1, 12, 15, 243, '', 'transaction', '2014-10-27 19:12:03', 0),
(435, 17, 371, 0, 'Admin', 1, 12, 17, 165, '', 'transaction', '2014-10-27 19:12:03', 0),
(436, 20, 371, 0, 'Admin', 2, 12, 20, 195, '', 'transaction', '2014-10-27 19:12:03', 0),
(437, 21, 371, 0, 'Admin', 1, 12, 21, 243, '', 'transaction', '2014-10-27 19:12:03', 0),
(438, 73, 371, 0, 'Admin', 5, 1, 73, 37, '', 'transaction', '2014-10-27 19:12:03', 0),
(439, 50, 371, 0, 'Admin', 10, 1, 50, 36, '', 'transaction', '2014-10-27 19:12:03', 0),
(440, 8, 541, 0, 'Admin', 10, 7, 8, 655, '', 'transaction', '2014-10-27 19:28:29', 0),
(441, 110, 541, 0, 'Admin', 1, 11, 110, 2280, '', 'transaction', '2014-10-27 19:28:29', 0),
(442, 8, 68, 0, 'Admin', 1, 7, 8, 660, '', 'transaction', '2014-10-27 19:34:15', 0),
(443, 126, 68, 0, 'Admin', 4, 1, 126, 46, '', 'transaction', '2014-10-27 19:34:15', 0),
(444, 102, 68, 0, 'Admin', 2, 11, 102, 125, '', 'transaction', '2014-10-27 19:34:15', 0),
(445, 17, 68, 0, 'Admin', 2, 12, 17, 165, '', 'transaction', '2014-10-27 19:34:15', 0),
(446, 20, 68, 0, 'Admin', 1, 12, 20, 195, '', 'transaction', '2014-10-27 19:34:15', 0),
(447, 73, 68, 0, 'Admin', 25, 1, 73, 37, '', 'transaction', '2014-10-27 19:34:15', 0),
(448, 5, 68, 0, 'Admin', 1, 13, 5, 135, '', 'transaction', '2014-10-27 19:34:15', 0),
(449, 80, 68, 0, 'Admin', 3, 1, 80, 65, '', 'transaction', '2014-10-27 19:34:16', 0),
(450, 91, 156, 0, 'Admin', 3, 14, 91, 765, '', 'transaction', '2014-10-27 19:41:48', 0),
(451, 30, 308, 0, 'Admin', 1, 7, 30, 885, '', 'transaction', '2014-10-27 19:48:18', 0),
(452, 31, 308, 0, 'Admin', 1, 11, 31, 90, '', 'transaction', '2014-10-27 19:48:19', 0),
(453, 49, 308, 0, 'Admin', 1, 7, 49, 36, '', 'transaction', '2014-10-27 19:48:19', 0),
(454, 46, 308, 0, 'Admin', 2, 1, 46, 110, '', 'transaction', '2014-10-27 19:48:19', 0),
(455, 8, 0, 23, 'Admin', 50, 7, 8, 0, '', 'transaction', '2014-10-27 19:51:05', 0),
(456, 50, 0, 23, 'Admin', 25, 1, 50, 0, '', 'transaction', '2014-10-27 19:51:05', 0),
(457, 126, 0, 23, 'Admin', 150, 1, 126, 0, '', 'transaction', '2014-10-27 19:51:05', 0),
(458, 103, 0, 23, 'Admin', 99, 7, 103, 0, '', 'transaction', '2014-10-27 19:51:05', 0),
(459, 47, 0, 0, 'Admin', 1, 1, 47, 10, '', 'transaction', '2014-10-27 19:55:58', 0),
(460, 8, 0, 0, 'Admin', 1, 7, 8, 660, '', 'transaction', '2014-10-27 19:55:58', 0),
(461, 97, 0, 0, 'Admin', 7, 7, 97, 800, '', 'transaction', '2014-10-27 19:55:58', 0),
(462, 126, 0, 0, 'Admin', 5, 1, 126, 46, '', 'transaction', '2014-10-27 19:55:58', 0),
(463, 91, 0, 0, 'Admin', 6, 14, 91, 770, '', 'transaction', '2014-10-27 19:55:58', 0),
(464, 110, 0, 0, 'Admin', 1, 11, 110, 2280, '', 'transaction', '2014-10-27 19:55:58', 0),
(465, 85, 0, 0, 'Admin', 1, 11, 85, 60, '', 'transaction', '2014-10-27 19:55:58', 0),
(466, 73, 0, 0, 'Admin', 4, 1, 73, 37, '', 'transaction', '2014-10-27 19:55:58', 0),
(467, 93, 0, 0, 'Admin', 1, 14, 93, 620, '', 'transaction', '2014-10-27 19:55:58', 0),
(468, 59, 0, 0, 'Admin', 12, 1, 59, 15, '', 'transaction', '2014-10-27 19:59:25', 0),
(469, 8, 0, 0, 'Admin', 5, 7, 8, 660, '', 'transaction', '2014-10-27 19:59:25', 0),
(470, 71, 0, 0, 'Admin', 2, 11, 71, 36, '', 'transaction', '2014-10-27 19:59:25', 0),
(471, 126, 0, 0, 'Admin', 5, 1, 126, 46, '', 'transaction', '2014-10-27 19:59:25', 0),
(472, 92, 0, 0, 'Admin', 1, 8, 92, 46, '', 'transaction', '2014-10-27 19:59:25', 0),
(473, 91, 0, 0, 'Admin', 4, 14, 91, 770, '', 'transaction', '2014-10-27 19:59:25', 0),
(474, 109, 0, 0, 'Admin', 1, 11, 109, 600, '', 'transaction', '2014-10-27 19:59:25', 0),
(475, 87, 0, 0, 'Admin', 1, 11, 87, 130, '', 'transaction', '2014-10-27 19:59:25', 0),
(476, 35, 0, 0, 'Admin', 1, 11, 35, 110, '', 'transaction', '2014-10-27 19:59:25', 0),
(477, 20, 0, 0, 'Admin', 1, 12, 20, 195, '', 'transaction', '2014-10-27 19:59:26', 0),
(478, 85, 0, 0, 'Admin', 1, 11, 85, 60, '', 'transaction', '2014-10-27 19:59:26', 0),
(479, 73, 0, 0, 'Admin', 15, 1, 73, 37, '', 'transaction', '2014-10-27 19:59:26', 0),
(480, 58, 0, 0, 'Admin', 1, 11, 58, 115, '', 'transaction', '2014-10-27 19:59:26', 0),
(481, 8, 439, 0, 'Admin', 1, 7, 8, 660, '', 'transaction', '2014-10-27 20:00:48', 0),
(482, 126, 439, 0, 'Admin', 4, 1, 126, 46, '', 'transaction', '2014-10-27 20:00:48', 0),
(483, 16, 439, 0, 'Admin', 2, 12, 16, 145, '', 'transaction', '2014-10-27 20:00:48', 0),
(484, 73, 439, 0, 'Admin', 31, 1, 73, 37, '', 'transaction', '2014-10-27 20:00:48', 0),
(485, 43, 258, 0, 'Admin', 1, 7, 43, 770, '', 'transaction', '2014-10-27 20:03:13', 0),
(486, 30, 258, 0, 'Admin', 2, 7, 30, 885, '', 'transaction', '2014-10-27 20:03:13', 0),
(487, 109, 258, 0, 'Admin', 1, 11, 109, 600, '', 'transaction', '2014-10-27 20:03:13', 0),
(488, 112, 258, 0, 'Admin', 2, 13, 112, 29, '', 'transaction', '2014-10-27 20:03:13', 0),
(489, 8, 569, 0, 'Admin', 2, 7, 8, 0, '', 'transaction', '2014-10-27 20:21:37', 0),
(490, 49, 569, 0, 'Admin', 1, 7, 49, 0, '', 'transaction', '2014-10-27 20:21:38', 0),
(491, 91, 569, 0, 'Admin', 1, 14, 91, 0, '', 'transaction', '2014-10-27 20:21:38', 0),
(492, 124, 569, 0, 'Admin', 3, 7, 124, 0, '', 'transaction', '2014-10-27 20:21:38', 0),
(493, 40, 569, 0, 'Admin', 1, 7, 40, 0, '', 'transaction', '2014-10-27 20:21:38', 0),
(494, 103, 569, 0, 'Admin', 2, 7, 103, 0, '', 'transaction', '2014-10-27 20:21:38', 0);

-- --------------------------------------------------------

--
-- Table structure for table `or`
--

CREATE TABLE IF NOT EXISTS `or` (
  `id` int(11) NOT NULL AUTO_INCREMENT,
  `ornumber` int(11) NOT NULL,
  PRIMARY KEY (`id`)
) ENGINE=InnoDB  DEFAULT CHARSET=latin1 AUTO_INCREMENT=107 ;

--
-- Dumping data for table `or`
--

INSERT INTO `or` (`id`, `ornumber`) VALUES
(1, 2014090001),
(2, 2014100003),
(3, 2014100004),
(4, 2014100005),
(5, 2014100006),
(6, 2014100007),
(7, 2014100008),
(8, 2014100009),
(9, 2014100009),
(10, 2014100010),
(11, 2014100011),
(12, 2014100012),
(13, 2014100013),
(14, 2014100014),
(15, 2014100015),
(16, 2014110016),
(17, 2014110017),
(18, 2014110018),
(19, 2014110019),
(20, 2014110020),
(21, 2014110021),
(22, 2014110022),
(23, 2014110023),
(24, 2014110024),
(25, 2014110025),
(26, 2014110026),
(27, 2014110027),
(28, 2014110028),
(29, 2014110029),
(30, 2014110030),
(31, 2014110031),
(32, 2014110032),
(33, 2014110033),
(34, 2014110034),
(35, 2014110035),
(36, 2014110036),
(37, 2014110037),
(38, 2014110038),
(39, 2014110039),
(40, 2014110040),
(41, 2014110041),
(42, 2014110042),
(43, 2014110043),
(44, 2014110044),
(45, 2014110045),
(46, 2014110046),
(47, 2014110047),
(48, 2014110048),
(49, 2014110049),
(50, 2014110050),
(51, 2014110051),
(52, 2014110052),
(53, 2014110053),
(54, 2014110054),
(55, 2014110055),
(56, 2014110056),
(57, 2014110057),
(58, 2014110058),
(59, 2014110059),
(60, 2014110060),
(61, 2014110061),
(62, 2014110062),
(63, 2014110063),
(64, 2014110064),
(65, 2014110065),
(66, 2014110066),
(67, 2014110067),
(68, 2014110068),
(69, 2014110069),
(70, 2014110070),
(71, 2014110071),
(72, 2014110072),
(73, 2014110073),
(74, 2014110074),
(75, 2014110075),
(76, 2014110076),
(77, 2014110077),
(78, 2014110078),
(79, 2014110079),
(80, 2014110080),
(81, 2014110081),
(82, 2014110082),
(83, 2014110083),
(84, 2014110084),
(85, 2014110085),
(86, 2014110086),
(87, 2014110087),
(88, 2014110088),
(89, 2014110089),
(90, 2014110090),
(91, 2014110091),
(92, 2014110092),
(93, 2014110093),
(94, 2014110094),
(95, 2014110095),
(96, 2014110096),
(97, 2014110097),
(98, 2014110098),
(99, 2014110099),
(100, 2014110100),
(101, 2014110101),
(102, 2014110102),
(103, 2014110103),
(104, 2014110104),
(105, 2014110105),
(106, 2014110106);

-- --------------------------------------------------------

--
-- Table structure for table `permission`
--

CREATE TABLE IF NOT EXISTS `permission` (
  `permissionId` int(11) NOT NULL AUTO_INCREMENT,
  `role` varchar(150) NOT NULL,
  `products` int(11) NOT NULL,
  `categories` int(11) NOT NULL,
  `units` int(11) NOT NULL,
  `suppliers` int(11) NOT NULL,
  `permission` int(11) NOT NULL,
  `clients` int(11) NOT NULL,
  `users` int(11) NOT NULL,
  `pos` int(11) NOT NULL,
  `inventorymonitoring` int(11) NOT NULL,
  `purchaseorder` int(11) NOT NULL,
  `chequemonitoring` int(11) NOT NULL,
  `inventoryreport` int(11) NOT NULL,
  `salesreport` int(11) NOT NULL,
  `usersreport` int(11) NOT NULL,
  `logsreport` int(11) NOT NULL,
  `clientreport` int(11) NOT NULL,
  `supplierreport` int(11) NOT NULL,
  `systemutilities` int(11) NOT NULL,
  `created_date` datetime NOT NULL DEFAULT CURRENT_TIMESTAMP,
  `updated_date` datetime NOT NULL DEFAULT CURRENT_TIMESTAMP,
  `status` varchar(20) NOT NULL,
  `manualInventoryReport` int(11) NOT NULL,
  PRIMARY KEY (`permissionId`)
) ENGINE=InnoDB  DEFAULT CHARSET=latin1 AUTO_INCREMENT=4 ;

--
-- Dumping data for table `permission`
--

INSERT INTO `permission` (`permissionId`, `role`, `products`, `categories`, `units`, `suppliers`, `permission`, `clients`, `users`, `pos`, `inventorymonitoring`, `purchaseorder`, `chequemonitoring`, `inventoryreport`, `salesreport`, `usersreport`, `logsreport`, `clientreport`, `supplierreport`, `systemutilities`, `created_date`, `updated_date`, `status`, `manualInventoryReport`) VALUES
(1, 'Administrator', 1, 1, 1, 1, 1, 1, 1, 1, 1, 1, 1, 1, 1, 1, 1, 1, 1, 1, '2014-08-20 00:12:58', '2014-08-20 00:12:58', 'active', 0),
(2, 'test', 1, 1, 1, 1, 1, 1, 1, 1, 1, 1, 1, 1, 1, 1, 1, 1, 1, 1, '2014-08-20 06:51:49', '2014-08-20 06:51:49', 'inactive', 0),
(3, 'Manager', 0, 0, 0, 1, 0, 1, 0, 1, 0, 1, 0, 0, 0, 0, 0, 0, 0, 0, '2014-09-03 15:23:53', '2014-09-03 15:23:53', 'active', 0);

-- --------------------------------------------------------

--
-- Table structure for table `po`
--

CREATE TABLE IF NOT EXISTS `po` (
  `id` int(11) NOT NULL AUTO_INCREMENT,
  `poId` varchar(20) NOT NULL,
  `productId` int(11) NOT NULL,
  `supplierId` int(11) NOT NULL,
  `poDate` datetime NOT NULL DEFAULT CURRENT_TIMESTAMP,
  `qty` int(11) NOT NULL,
  `unitId` int(11) NOT NULL,
  `poStatus` varchar(20) NOT NULL,
  `status` varchar(25) NOT NULL,
  `oldPrice` double NOT NULL,
  PRIMARY KEY (`id`)
) ENGINE=InnoDB  DEFAULT CHARSET=latin1 AUTO_INCREMENT=133 ;

--
-- Dumping data for table `po`
--

INSERT INTO `po` (`id`, `poId`, `productId`, `supplierId`, `poDate`, `qty`, `unitId`, `poStatus`, `status`, `oldPrice`) VALUES
(1, '0001', 1, 10, '2014-10-27 13:35:02', 234, 12, 'Delivered', 'active', 154.35),
(2, '0001', 5, 10, '2014-10-27 13:35:02', 53, 13, 'Delivered', 'active', 106.43),
(3, '0001', 6, 10, '2014-10-27 13:35:02', 46, 13, 'Delivered', 'active', 202.2),
(4, '0001', 7, 10, '2014-10-27 13:35:02', 59, 13, 'Delivered', 'active', 532.16),
(5, '0001', 10, 10, '2014-10-27 13:35:02', 10, 12, 'Delivered', 'active', 88.92),
(6, '0001', 11, 10, '2014-10-27 13:35:02', 17, 12, 'Delivered', 'active', 103.67),
(7, '0001', 13, 10, '2014-10-27 13:35:02', 519, 12, 'Delivered', 'active', 137.3),
(8, '0001', 12, 10, '2014-10-27 13:35:02', 135, 12, 'Delivered', 'active', 118.87),
(9, '0001', 14, 10, '2014-10-27 13:35:02', 203, 12, 'Delivered', 'active', 182.46),
(10, '0001', 15, 10, '2014-10-27 13:35:02', 133, 12, 'Delivered', 'active', 218.86),
(11, '0001', 16, 10, '2014-10-27 13:35:02', 158, 12, 'Delivered', 'active', 127.63),
(12, '0001', 17, 10, '2014-10-27 13:35:02', 28, 12, 'Delivered', 'active', 146.06),
(13, '0001', 21, 10, '2014-10-27 13:35:02', 107, 12, 'Delivered', 'active', 218.86),
(14, '0001', 20, 10, '2014-10-27 13:35:02', 55, 12, 'Delivered', 'active', 175.08),
(15, '0001', 24, 10, '2014-10-27 13:35:02', 14, 12, 'Delivered', 'active', 350.17),
(16, '0001', 25, 10, '2014-10-27 13:35:02', 17, 12, 'Delivered', 'active', 379.2),
(17, '0002', 2, 1, '2014-10-27 14:19:21', 29, 1, 'Delivered', 'active', 0),
(18, '0002', 3, 1, '2014-10-27 14:19:21', 16, 1, 'Delivered', 'active', 0),
(19, '0002', 45, 1, '2014-10-27 14:19:21', 69, 14, 'Delivered', 'active', 0),
(20, '0002', 91, 1, '2014-10-27 14:19:21', 1911, 14, 'Delivered', 'active', 0),
(21, '0002', 93, 1, '2014-10-27 14:19:21', 61, 14, 'Delivered', 'active', 0),
(22, '0003', 4, 14, '2014-10-27 14:24:20', 208, 7, 'Delivered', 'active', 0),
(23, '0003', 8, 14, '2014-10-27 14:24:20', 304, 7, 'Delivered', 'active', 0),
(24, '0003', 27, 14, '2014-10-27 14:24:20', 30, 7, 'Delivered', 'active', 0),
(25, '0003', 30, 14, '2014-10-27 14:24:20', 608, 7, 'Delivered', 'active', 0),
(26, '0003', 34, 14, '2014-10-27 14:24:21', 39, 7, 'Delivered', 'active', 0),
(27, '0003', 42, 14, '2014-10-27 14:24:21', 37, 7, 'Delivered', 'active', 0),
(28, '0003', 43, 14, '2014-10-27 14:24:21', 41, 7, 'Delivered', 'active', 0),
(29, '0003', 70, 14, '2014-10-27 14:24:21', 425, 7, 'Delivered', 'active', 0),
(30, '0003', 77, 14, '2014-10-27 14:24:21', 65, 7, 'Delivered', 'active', 0),
(31, '0003', 97, 14, '2014-10-27 14:24:21', 58, 7, 'Delivered', 'active', 0),
(32, '0003', 100, 14, '2014-10-27 14:24:21', 300, 7, 'Delivered', 'active', 0),
(33, '0003', 101, 14, '2014-10-27 14:24:21', 37, 7, 'Delivered', 'active', 0),
(34, '0003', 103, 14, '2014-10-27 14:24:21', 39, 7, 'Delivered', 'active', 0),
(35, '0003', 127, 14, '2014-10-27 14:24:21', 17, 7, 'Delivered', 'active', 0),
(36, '0004', 18, 17, '2014-10-27 14:25:11', 58, 12, 'Delivered', 'active', 0),
(37, '0004', 19, 17, '2014-10-27 14:25:11', 85, 12, 'Delivered', 'active', 0),
(38, '0005', 26, 19, '2014-10-27 14:26:29', 5, 10, 'Delivered', 'active', 0),
(39, '0006', 28, 7, '2014-10-27 14:29:36', 30, 13, 'Delivered', 'active', 0),
(40, '0006', 29, 7, '2014-10-27 14:29:36', 82, 13, 'Delivered', 'active', 0),
(41, '0006', 75, 7, '2014-10-27 14:29:36', 53, 12, 'Delivered', 'active', 0),
(42, '0006', 76, 7, '2014-10-27 14:29:36', 71, 12, 'Delivered', 'active', 0),
(43, '0006', 95, 7, '2014-10-27 14:29:36', 1, 7, 'Delivered', 'active', 0),
(44, '0006', 104, 7, '2014-10-27 14:29:36', 101, 12, 'Delivered', 'active', 0),
(45, '0006', 105, 7, '2014-10-27 14:29:36', 315, 12, 'Delivered', 'active', 0),
(46, '0006', 106, 7, '2014-10-27 14:29:36', 146, 12, 'Delivered', 'active', 0),
(47, '0006', 121, 7, '2014-10-27 14:29:37', 369, 13, 'Delivered', 'active', 0),
(48, '0006', 122, 7, '2014-10-27 14:29:37', 399, 13, 'Delivered', 'active', 0),
(49, '0006', 123, 7, '2014-10-27 14:29:37', 223, 13, 'Delivered', 'active', 0),
(50, '0007', 32, 5, '2014-10-27 14:32:51', 8, 7, 'Delivered', 'active', 0),
(51, '0007', 46, 5, '2014-10-27 14:32:52', 135, 1, 'Delivered', 'active', 0),
(52, '0007', 48, 5, '2014-10-27 14:32:52', 8, 7, 'Delivered', 'active', 0),
(53, '0007', 55, 5, '2014-10-27 14:32:52', 65, 13, 'Delivered', 'active', 0),
(54, '0007', 60, 5, '2014-10-27 14:32:52', 39, 7, 'Delivered', 'active', 0),
(55, '0007', 83, 5, '2014-10-27 14:32:52', 12, 7, 'Delivered', 'active', 0),
(56, '0007', 84, 5, '2014-10-27 14:32:52', 2, 7, 'Delivered', 'active', 0),
(57, '0007', 94, 5, '2014-10-27 14:32:52', 151, 13, 'Delivered', 'active', 0),
(58, '0008', 22, 7, '2014-10-27 14:34:30', 1000, 13, 'Delivered', 'active', 0),
(59, '0008', 23, 7, '2014-10-27 14:34:30', 2, 13, 'Delivered', 'active', 0),
(60, '0008', 119, 7, '2014-10-27 14:34:31', 174, 13, 'Delivered', 'active', 0),
(61, '0008', 120, 7, '2014-10-27 14:34:31', 332, 13, 'Delivered', 'active', 0),
(62, '0009', 37, 6, '2014-10-27 14:37:33', 18, 12, 'Delivered', 'active', 0),
(63, '0009', 38, 6, '2014-10-27 14:37:33', 7, 12, 'Delivered', 'active', 0),
(64, '0009', 44, 6, '2014-10-27 14:37:33', 197, 1, 'Delivered', 'active', 0),
(65, '0009', 31, 6, '2014-10-27 14:37:33', 2113, 11, 'Delivered', 'active', 0),
(66, '0009', 102, 6, '2014-10-27 14:37:34', 121, 11, 'Delivered', 'active', 0),
(67, '0010', 49, 8, '2014-10-27 14:39:36', 76, 7, 'Delivered', 'active', 0),
(68, '0010', 74, 8, '2014-10-27 14:39:36', 29, 7, 'Delivered', 'active', 0),
(69, '0011', 62, 4, '2014-10-27 14:40:47', 20, 11, 'Delivered', 'active', 0),
(70, '0011', 63, 4, '2014-10-27 14:40:47', 14, 11, 'Delivered', 'active', 0),
(71, '0011', 64, 4, '2014-10-27 14:40:47', 2, 11, 'Delivered', 'active', 0),
(72, '0011', 56, 4, '2014-10-27 14:40:47', 6, 11, 'Delivered', 'active', 0),
(73, '0012', 65, 13, '2014-10-27 14:42:22', 45, 11, 'Delivered', 'active', 0),
(74, '0012', 66, 13, '2014-10-27 14:42:22', 69, 11, 'Delivered', 'active', 0),
(75, '0012', 67, 13, '2014-10-27 14:42:22', 93, 11, 'Delivered', 'active', 0),
(76, '0012', 68, 13, '2014-10-27 14:42:22', 58, 11, 'Delivered', 'active', 0),
(77, '0012', 69, 13, '2014-10-27 14:42:22', 269, 11, 'Delivered', 'active', 0),
(78, '0013', 71, 12, '2014-10-27 14:43:54', 4211, 11, 'Delivered', 'active', 0),
(79, '0013', 72, 12, '2014-10-27 14:43:54', 3, 11, 'Delivered', 'active', 0),
(80, '0013', 52, 12, '2014-10-27 14:43:54', 3, 10, 'Delivered', 'active', 0),
(81, '0014', 39, 18, '2014-10-27 14:46:34', 10, 7, 'Delivered', 'active', 0),
(82, '0014', 40, 18, '2014-10-27 14:46:35', 6, 7, 'Delivered', 'active', 0),
(83, '0014', 96, 18, '2014-10-27 14:46:35', 36, 11, 'Delivered', 'active', 0),
(84, '0014', 107, 18, '2014-10-27 14:46:35', 8, 11, 'Delivered', 'active', 0),
(85, '0014', 108, 18, '2014-10-27 14:46:35', 19, 11, 'Delivered', 'active', 0),
(86, '0014', 109, 18, '2014-10-27 14:46:35', 92, 11, 'Delivered', 'active', 0),
(87, '0014', 110, 18, '2014-10-27 14:46:35', 14, 11, 'Delivered', 'active', 0),
(88, '0014', 118, 18, '2014-10-27 14:46:35', 9, 11, 'Delivered', 'active', 0),
(89, '0015', 87, 3, '2014-10-27 14:47:21', 86, 11, 'Delivered', 'active', 0),
(90, '0015', 88, 3, '2014-10-27 14:47:21', 190, 11, 'Delivered', 'active', 0),
(91, '0015', 89, 3, '2014-10-27 14:47:21', 115, 11, 'Delivered', 'active', 0),
(92, '0015', 90, 3, '2014-10-27 14:47:21', 126, 11, 'Delivered', 'active', 0),
(93, '0016', 98, 16, '2014-10-27 14:47:41', 162, 11, 'Delivered', 'active', 0),
(94, '0017', 111, 9, '2014-10-27 14:48:38', 223, 13, 'Delivered', 'active', 0),
(95, '0017', 117, 9, '2014-10-27 14:48:38', 202, 13, 'Delivered', 'active', 0),
(96, '0017', 112, 9, '2014-10-27 14:48:38', 156, 13, 'Delivered', 'active', 0),
(97, '0017', 113, 9, '2014-10-27 14:48:38', 148, 13, 'Delivered', 'active', 0),
(98, '0017', 114, 9, '2014-10-27 14:48:38', 84, 13, 'Delivered', 'active', 0),
(99, '0017', 115, 9, '2014-10-27 14:48:38', 186, 13, 'Delivered', 'active', 0),
(100, '0017', 116, 9, '2014-10-27 14:48:38', 94, 13, 'Delivered', 'active', 0),
(101, '0018', 9, 23, '2014-10-27 15:01:25', 62, 1, 'Delivered', 'active', 0),
(102, '0018', 33, 23, '2014-10-27 15:01:26', 24, 1, 'Delivered', 'active', 0),
(103, '0018', 35, 23, '2014-10-27 15:01:26', 2000, 11, 'Delivered', 'active', 0),
(104, '0018', 41, 23, '2014-10-27 15:01:26', 23, 11, 'Delivered', 'active', 0),
(105, '0018', 47, 23, '2014-10-27 15:01:26', 83, 1, 'Delivered', 'active', 0),
(106, '0018', 50, 23, '2014-10-27 15:01:26', 20, 1, 'Delivered', 'active', 0),
(107, '0018', 51, 23, '2014-10-27 15:01:26', 18, 1, 'Delivered', 'active', 0),
(108, '0018', 59, 23, '2014-10-27 15:01:26', 67, 1, 'Delivered', 'active', 0),
(109, '0018', 73, 23, '2014-10-27 15:01:26', 313, 1, 'Delivered', 'active', 0),
(110, '0018', 78, 23, '2014-10-27 15:01:26', 23, 11, 'Delivered', 'active', 0),
(111, '0018', 80, 23, '2014-10-27 15:01:26', 33, 1, 'Delivered', 'active', 0),
(112, '0018', 82, 23, '2014-10-27 15:01:26', 25, 1, 'Delivered', 'active', 0),
(113, '0018', 85, 23, '2014-10-27 15:01:26', 78, 11, 'Delivered', 'active', 0),
(114, '0018', 86, 23, '2014-10-27 15:01:26', 3, 11, 'Delivered', 'active', 0),
(115, '0018', 92, 23, '2014-10-27 15:01:26', 21, 8, 'Delivered', 'active', 0),
(116, '0018', 99, 23, '2014-10-27 15:01:26', 247, 1, 'Delivered', 'active', 0),
(117, '0018', 125, 23, '2014-10-27 15:01:26', 18, 1, 'Delivered', 'active', 0),
(118, '0018', 126, 23, '2014-10-27 15:01:26', 72, 1, 'Delivered', 'active', 0),
(119, '0019', 133, 23, '2014-10-27 15:03:27', 7, 11, 'Delivered', 'active', 0),
(120, '0020', 132, 24, '2014-10-27 15:04:39', 25, 11, 'Delivered', 'active', 0),
(121, '0020', 53, 24, '2014-10-27 15:04:39', 20, 13, 'Delivered', 'active', 0),
(122, '0021', 57, 20, '2014-10-27 15:06:07', 107, 11, 'Delivered', 'active', 0),
(123, '0021', 58, 20, '2014-10-27 15:06:07', 17, 11, 'Delivered', 'active', 0),
(124, '0022', 124, 26, '2014-10-27 15:06:46', 306, 7, 'Delivered', 'active', 0),
(125, '0023', 79, 15, '2014-10-27 15:07:55', 20, 7, 'Delivered', 'active', 0),
(126, '0024', 81, 25, '2014-10-27 15:08:14', 28, 7, 'Delivered', 'active', 0),
(127, '0025', 92, 23, '2014-10-27 16:29:41', 19, 8, 'Delivered', 'active', 0),
(128, '0026', 41, 23, '2014-10-27 16:46:33', 56, 11, 'Delivered', 'active', 0),
(129, '0027', 9, 23, '2014-10-27 19:51:05', 50, 7, 'Delivered', 'active', 0),
(130, '0027', 50, 23, '2014-10-27 19:51:05', 25, 1, 'Delivered', 'active', 0),
(131, '0027', 126, 23, '2014-10-27 19:51:05', 150, 1, 'Delivered', 'active', 0),
(132, '0027', 103, 23, '2014-10-27 19:51:05', 99, 7, 'Delivered', 'active', 0);

-- --------------------------------------------------------

--
-- Table structure for table `po_queue`
--

CREATE TABLE IF NOT EXISTS `po_queue` (
  `id` int(11) NOT NULL AUTO_INCREMENT,
  `product_id` int(11) NOT NULL,
  `supplier_price` double NOT NULL,
  `stock` int(11) NOT NULL,
  PRIMARY KEY (`id`)
) ENGINE=InnoDB  DEFAULT CHARSET=latin1 AUTO_INCREMENT=127 ;

--
-- Dumping data for table `po_queue`
--

INSERT INTO `po_queue` (`id`, `product_id`, `supplier_price`, `stock`) VALUES
(1, 1, 154.35, 234),
(2, 5, 106.43, 50),
(3, 6, 202.2, 46),
(4, 7, 532.16, 59),
(5, 10, 88.92, 10),
(6, 11, 103.67, 17),
(7, 13, 137.3, 519),
(8, 12, 118.87, 135),
(9, 14, 182.46, 203),
(10, 15, 218.86, 130),
(11, 16, 127.63, 149),
(12, 17, 146.06, 22),
(13, 21, 218.86, 102),
(14, 20, 175.08, 47),
(15, 24, 350.17, 14),
(16, 25, 379.2, 17),
(17, 2, 0, 19),
(18, 3, 0, 12),
(19, 45, 0, 54),
(20, 91, 0, 1345),
(21, 93, 0, 52),
(22, 4, 0, 181),
(23, 8, 0, 178),
(24, 27, 0, 28),
(25, 30, 0, 520),
(26, 34, 0, 23),
(27, 42, 0, 37),
(28, 43, 0, 39),
(29, 70, 0, 408),
(30, 77, 0, 55),
(31, 97, 0, 26),
(32, 100, 0, 234),
(33, 101, 0, 37),
(34, 103, 0, 115),
(35, 127, 0, 17),
(36, 18, 0, 58),
(37, 19, 0, 84),
(38, 26, 0, 4),
(39, 28, 0, 23),
(40, 29, 0, 81),
(41, 75, 0, 53),
(42, 76, 0, 71),
(43, 95, 0, 1),
(44, 104, 0, 101),
(45, 105, 0, 279),
(46, 106, 0, 118),
(47, 121, 0, 369),
(48, 122, 0, 399),
(49, 123, 0, 223),
(50, 32, 0, 8),
(51, 46, 0, 133),
(52, 48, 0, 8),
(53, 55, 0, 47),
(54, 60, 0, 39),
(55, 83, 0, 12),
(56, 84, 0, 2),
(57, 94, 0, 128),
(58, 22, 0, 1000),
(59, 23, 0, 2),
(60, 119, 0, 174),
(61, 120, 0, 332),
(62, 37, 0, 17),
(63, 38, 0, 7),
(64, 44, 0, 196),
(65, 31, 0, 2063),
(66, 102, 0, 115),
(67, 49, 0, 73),
(68, 74, 0, 27),
(69, 62, 0, 20),
(70, 63, 0, 14),
(71, 64, 0, 2),
(72, 56, 0, 6),
(73, 65, 0, 45),
(74, 66, 0, 69),
(75, 67, 0, 84),
(76, 68, 0, 58),
(77, 69, 0, 268),
(78, 71, 0, 3709),
(79, 72, 0, 3),
(80, 52, 0, 1),
(81, 39, 0, 10),
(82, 40, 0, 4),
(83, 96, 0, 36),
(84, 107, 0, 7),
(85, 108, 0, 17),
(86, 109, 0, 77),
(87, 110, 0, 12),
(88, 118, 0, 9),
(89, 87, 0, 85),
(90, 88, 0, 189),
(91, 89, 0, 115),
(92, 90, 0, 126),
(93, 98, 0, 162),
(94, 111, 0, 223),
(95, 117, 0, 201),
(96, 112, 0, 138),
(97, 113, 0, 147),
(98, 114, 0, 72),
(99, 115, 0, 186),
(100, 116, 0, 83),
(101, 9, 0, 93),
(102, 33, 0, 17),
(103, 35, 0, 1513),
(104, 41, 0, 52),
(105, 47, 0, 50),
(106, 50, 0, 25),
(107, 51, 0, 18),
(108, 59, 0, 47),
(109, 73, 0, 145),
(110, 78, 0, 23),
(111, 80, 0, 30),
(112, 82, 0, 23),
(113, 85, 0, 74),
(114, 86, 0, 3),
(115, 92, 0, 9),
(116, 99, 0, 242),
(117, 125, 0, 12),
(118, 126, 0, 140),
(119, 133, 0, 7),
(120, 132, 0, 25),
(121, 53, 0, 20),
(122, 57, 0, 105),
(123, 58, 0, 14),
(124, 124, 0, 282),
(125, 79, 0, 5),
(126, 81, 0, 28);

-- --------------------------------------------------------

--
-- Table structure for table `products`
--

CREATE TABLE IF NOT EXISTS `products` (
  `productId` int(11) NOT NULL AUTO_INCREMENT,
  `productName` varchar(250) NOT NULL,
  `categoryId` int(11) NOT NULL,
  `productPrice` double NOT NULL,
  `unitId` int(11) NOT NULL,
  `supplierPrice` double NOT NULL DEFAULT '0',
  `productStock` int(11) NOT NULL,
  `productSafetyStock` int(11) NOT NULL,
  `created_time` datetime NOT NULL DEFAULT CURRENT_TIMESTAMP,
  `updated_time` datetime NOT NULL DEFAULT CURRENT_TIMESTAMP,
  `status` varchar(10) NOT NULL,
  PRIMARY KEY (`productId`)
) ENGINE=InnoDB  DEFAULT CHARSET=latin1 AUTO_INCREMENT=134 ;

--
-- Dumping data for table `products`
--

INSERT INTO `products` (`productId`, `productName`, `categoryId`, `productPrice`, `unitId`, `supplierPrice`, `productStock`, `productSafetyStock`, `created_time`, `updated_time`, `status`) VALUES
(1, '4 x 9 .02 swan', 7, 144.67, 12, 154.35, 234, 150, '2014-10-22 00:35:55', '2014-10-22 00:35:55', 'active'),
(2, '10 kg. Bihon', 4, 580, 1, 0, 19, 2, '2014-10-22 00:41:16', '2014-10-22 00:41:16', 'active'),
(3, '12 kg. Bihon', 4, 775, 1, 0, 12, 2, '2014-10-22 00:46:24', '2014-10-22 00:46:24', 'active'),
(4, '1st Farmers Wash', 3, 1850, 7, 0, 181, 2, '2014-10-22 00:48:07', '2014-10-22 00:48:07', 'active'),
(5, '20 x 30 Gold Medal', 7, 135, 13, 106.43, 50, 30, '2014-10-22 00:51:52', '2014-10-22 00:51:52', 'active'),
(6, '20 x 40 pp', 7, 195.65, 13, 202.2, 46, 30, '2014-10-22 00:53:21', '2014-10-22 00:53:21', 'active'),
(7, '25 x 50 .03', 7, 0, 13, 532.16, 59, 30, '2014-10-22 00:56:08', '2014-10-22 00:56:08', 'active'),
(8, '3rd Class', 1, 0, 7, 0, 178, 2, '2014-10-22 00:56:57', '2014-10-22 00:56:57', 'active'),
(9, '3rd/ kg.', 1, 30, 1, 0, 93, 25, '2014-10-22 00:57:56', '2014-10-22 00:57:56', 'active'),
(10, '4 x 6 .01 swan', 7, 0, 12, 88.92, 10, 5, '2014-10-22 01:00:10', '2014-10-22 01:00:10', 'active'),
(11, '4 x 7 .01 swan', 7, 0, 12, 103.67, 17, 5, '2014-10-22 01:01:05', '2014-10-22 01:01:05', 'active'),
(12, '4 x 8 .01 swan', 7, 0, 12, 118.87, 135, 100, '2014-10-22 01:02:02', '2014-10-22 01:02:02', 'active'),
(13, '4 x 8 .02 swan', 7, 0, 12, 137.3, 519, 10, '2014-10-22 01:04:00', '2014-10-22 01:04:00', 'active'),
(14, '5 x 10 .01 swan', 7, 0, 12, 182.46, 203, 100, '2014-10-22 01:05:40', '2014-10-22 01:05:40', 'active'),
(15, '5 x 12 .01 swan', 7, 243, 12, 218.86, 130, 100, '2014-10-22 01:06:32', '2014-10-22 01:06:32', 'active'),
(16, '5 x 7 .01 swan', 7, 145, 12, 127.63, 149, 100, '2014-10-22 01:07:29', '2014-10-22 01:07:29', 'active'),
(17, '5 x 8 .01 swan', 7, 165, 12, 146.06, 22, 100, '2014-10-22 01:09:55', '2014-10-22 01:09:55', 'active'),
(18, 'Dopoint 5 x 6 .02', 7, 0, 12, 0, 58, 10, '2014-10-22 01:11:56', '2014-10-22 01:11:56', 'active'),
(19, 'Dopoint 5 x 8 .02', 7, 160, 12, 0, 84, 20, '2014-10-22 01:14:21', '2014-10-22 01:14:21', 'active'),
(20, '6 x 8 .01 swan', 7, 195, 12, 175.08, 47, 100, '2014-10-22 01:19:23', '2014-10-22 01:19:23', 'active'),
(21, '6 x 10 .01 swan', 7, 243, 12, 218.86, 102, 100, '2014-10-22 01:20:32', '2014-10-22 01:20:32', 'active'),
(22, 'Paper Cup 6.5 oz.', 5, 0, 13, 0, 1000, 0, '2014-10-22 01:22:24', '2014-10-22 01:22:24', 'active'),
(23, '7 oz. Plastic cup', 5, 0, 13, 0, 2, 0, '2014-10-22 01:23:20', '2014-10-22 01:23:20', 'active'),
(24, '8 x 12 .01 swan', 7, 0, 12, 350.17, 14, 10, '2014-10-22 01:24:00', '2014-10-22 01:24:00', 'active'),
(25, '8 x 13 .01 swan', 7, 0, 12, 379.2, 17, 10, '2014-10-22 01:24:36', '2014-10-22 01:24:36', 'active'),
(26, 'Alaska Evap', 12, 1140, 10, 0, 4, 40, '2014-10-22 01:26:54', '2014-10-22 01:26:54', 'active'),
(27, 'All Purpose Flour', 1, 990, 7, 0, 28, 0, '2014-10-22 01:27:31', '2014-10-22 01:27:31', 'active'),
(28, 'American Bread Big', 7, 80, 13, 0, 23, 0, '2014-10-22 01:29:15', '2014-10-22 01:29:15', 'active'),
(29, 'American Bread Small', 7, 58, 13, 0, 81, 0, '2014-10-22 01:30:01', '2014-10-22 01:30:01', 'active'),
(30, 'Angel White', 1, 885, 7, 0, 520, 0, '2014-10-22 01:31:46', '2014-10-22 01:31:46', 'active'),
(31, 'Angel Yeast', 23, 90, 11, 0, 2063, 0, '2014-10-22 01:32:27', '2014-10-22 01:32:27', 'active'),
(32, 'Anti amag/ 25kg.', 1, 0, 7, 0, 8, 5, '2014-10-22 01:33:38', '2014-10-22 01:33:38', 'active'),
(33, 'Anti amag/ kg.', 1, 150, 1, 0, 17, 0, '2014-10-22 01:34:29', '2014-10-22 01:34:29', 'active'),
(34, 'BSCI Dark Brown', 3, 1900, 7, 0, 23, 0, '2014-10-22 01:35:16', '2014-10-22 01:35:16', 'active'),
(35, 'Basyo Clear', 7, 110, 11, 0, 1513, 0, '2014-10-22 01:36:10', '2014-10-22 01:36:10', 'active'),
(36, 'Basyo yellow', 7, 0, 11, 0, 0, 2, '2014-10-22 01:36:45', '2014-10-22 01:36:45', 'active'),
(37, 'Brown Paper (manipis)', 22, 680, 12, 0, 17, 10, '2014-10-22 01:38:05', '2014-10-22 01:38:05', 'active'),
(38, 'Brown Paper (makapal)', 22, 0, 12, 0, 7, 10, '2014-10-22 01:38:43', '2014-10-22 01:38:43', 'active'),
(39, 'Cake Flour', 1, 0, 7, 0, 10, 0, '2014-10-22 01:39:26', '2014-10-22 01:39:26', 'active'),
(40, 'Calumet (14kg.)', 6, 0, 7, 0, 5, 10, '2014-10-22 01:40:56', '2014-10-22 01:40:56', 'active'),
(41, 'Calumet (250g.)', 6, 25, 11, 0, 49, 20, '2014-10-22 01:42:10', '2014-10-22 01:42:10', 'active'),
(42, 'Casa Wash', 3, 0, 7, 0, 37, 0, '2014-10-22 01:43:07', '2014-10-22 01:43:07', 'active'),
(43, 'Cindy', 1, 770, 7, 0, 39, 0, '2014-10-22 01:43:32', '2014-10-22 01:43:32', 'active'),
(44, 'Coco Dry/ kg.', 8, 80, 1, 0, 196, 50, '2014-10-22 01:44:30', '2014-10-22 01:44:30', 'active'),
(45, 'Coco Oil (19 L.)', 19, 1030, 14, 0, 54, 0, '2014-10-22 01:46:14', '2014-10-22 01:46:14', 'active'),
(46, 'Coco Rich/ kg.', 8, 110, 1, 0, 133, 40, '2014-10-22 01:47:24', '2014-10-22 01:47:24', 'active'),
(47, 'Cocoa Powder (250g.)', 15, 10, 1, 0, 50, 0, '2014-10-22 01:49:47', '2014-10-22 01:49:47', 'active'),
(48, 'Cocoa Powder (25 kg.)', 24, 0, 7, 0, 8, 0, '2014-10-24 21:37:53', '2014-10-24 21:37:53', 'active'),
(49, 'Cornstarch', 24, 0, 7, 0, 73, 0, '2014-10-24 21:39:20', '2014-10-24 21:39:20', 'active'),
(50, 'Cornstarch/ kg.', 24, 36, 1, 0, 25, 0, '2014-10-24 21:39:51', '2014-10-24 21:39:51', 'active'),
(51, 'Cow Milk/ kg.', 12, 0, 1, 0, 18, 0, '2014-10-24 21:40:22', '2014-10-24 21:40:22', 'active'),
(52, 'Cowbell Evap', 9, 960, 10, 0, 1, 0, '2014-10-24 21:41:03', '2014-10-24 21:41:03', 'active'),
(53, 'Credo B.Improver', 10, 0, 13, 0, 20, 0, '2014-10-24 21:41:45', '2014-10-24 21:41:45', 'active'),
(54, 'Dark Sugar', 3, 0, 7, 0, 0, 2, '2014-10-24 21:42:19', '2014-10-24 21:42:19', 'active'),
(55, 'Dobrim', 10, 110, 13, 0, 47, 0, '2014-10-24 21:42:52', '2014-10-24 21:42:52', 'active'),
(56, 'Eagle Yeast', 23, 0, 11, 0, 6, 0, '2014-10-24 21:43:26', '2014-10-24 21:43:26', 'active'),
(57, 'Eden/ 175g.', 11, 45, 11, 0, 105, 0, '2014-10-24 21:44:24', '2014-10-24 21:44:24', 'active'),
(58, 'Eden/ 450g.', 11, 115, 11, 0, 14, 0, '2014-10-24 21:45:21', '2014-10-24 21:45:21', 'active'),
(59, 'Farmland/ 250 grams', 12, 15, 1, 0, 47, 0, '2014-10-24 21:46:26', '2014-10-24 21:46:26', 'active'),
(60, 'Farmland/25 kg.', 12, 0, 7, 0, 39, 0, '2014-10-24 21:47:03', '2014-10-24 21:47:03', 'active'),
(61, 'Flavocol Choco', 25, 0, 11, 0, 0, 12, '2014-10-25 06:41:07', '2014-10-25 06:41:07', 'active'),
(62, 'Flavocol Pandan', 25, 0, 11, 0, 20, 12, '2014-10-25 06:41:58', '2014-10-25 06:41:58', 'active'),
(63, 'Flavocol Strawberry', 25, 0, 11, 0, 14, 12, '2014-10-25 06:42:45', '2014-10-25 06:42:45', 'active'),
(64, 'Flavocol Ube', 25, 0, 11, 0, 2, 12, '2014-10-25 06:43:20', '2014-10-25 06:43:20', 'active'),
(65, 'G.Leaves Brown Liquid', 25, 0, 11, 0, 45, 20, '2014-10-25 07:54:56', '2014-10-25 07:54:56', 'active'),
(66, 'G.Leaves Pineapple', 25, 1, 11, 0, 70, 30, '2014-10-25 07:55:57', '2014-10-25 07:55:57', 'active'),
(67, 'G.Leaves Vanilla', 25, 80, 11, 0, 84, 30, '2014-10-25 07:57:00', '2014-10-25 07:57:00', 'active'),
(68, 'G.Leaves GIN Brown Liquid', 25, 0, 11, 0, 58, 20, '2014-10-25 07:57:59', '2014-10-25 07:57:59', 'active'),
(69, 'G.Leaves GIN Vanilla', 25, 20, 11, 0, 268, 20, '2014-10-25 07:58:38', '2014-10-25 07:58:38', 'active'),
(70, 'Globe', 1, 860, 7, 0, 408, 0, '2014-10-25 07:59:05', '2014-10-25 07:59:05', 'active'),
(71, 'Glutinous ( Erawan )', 1, 36, 11, 0, 3709, 100, '2014-10-25 08:00:19', '2014-10-25 08:00:19', 'active'),
(72, 'Glutinous B', 1, 0, 11, 0, 3, 0, '2014-10-25 08:01:10', '2014-10-25 08:01:10', 'active'),
(73, 'Golden/ kg.', 3, 37, 1, 0, 145, 0, '2014-10-25 08:02:56', '2014-10-25 08:02:56', 'active'),
(74, 'Iodized salt', 24, 290, 7, 0, 27, 0, '2014-10-25 08:03:37', '2014-10-25 08:03:37', 'active'),
(75, 'Jumper Medium', 16, 0, 12, 0, 53, 40, '2014-10-25 08:04:22', '2014-10-25 08:04:22', 'active'),
(76, 'Jumper Tiny', 16, 0, 12, 0, 71, 40, '2014-10-25 08:04:52', '2014-10-25 08:04:52', 'active'),
(77, 'La Carlota Golden', 3, 1760, 7, 0, 55, 0, '2014-10-25 08:07:01', '2014-10-25 08:07:01', 'active'),
(78, 'Large Bottle', 17, 0, 11, 0, 23, 0, '2014-10-25 08:09:03', '2014-10-25 08:09:03', 'active'),
(79, 'Luisita', 3, 2180, 7, 0, 5, 0, '2014-10-25 08:09:26', '2014-10-25 08:09:26', 'active'),
(80, 'Margarine/kg.', 21, 65, 1, 0, 30, 0, '2014-10-25 08:33:28', '2014-10-25 08:33:28', 'active'),
(81, 'Matling/ 50kg.', 15, 0, 7, 0, 28, 0, '2014-10-25 08:34:13', '2014-10-25 08:34:13', 'active'),
(82, 'Matling/ kg.', 15, 35, 1, 0, 23, 0, '2014-10-25 08:34:44', '2014-10-25 08:34:44', 'active'),
(83, 'Melkko ', 12, 0, 7, 0, 12, 5, '2014-10-25 08:36:09', '2014-10-25 08:36:09', 'active'),
(84, 'Milkboy/ 25kg.', 12, 0, 7, 0, 2, 5, '2014-10-25 08:37:04', '2014-10-25 08:37:04', 'active'),
(85, 'Milkboy/ 250g.', 12, 60, 11, 0, 74, 0, '2014-10-25 08:37:39', '2014-10-25 08:37:39', 'active'),
(86, 'Mr. Brown Vanilla', 25, 0, 11, 0, 3, 0, '2014-10-25 08:38:20', '2014-10-25 08:38:20', 'active'),
(87, 'Neco- Choco Brown', 13, 130, 11, 0, 85, 50, '2014-10-25 08:39:30', '2014-10-25 08:39:30', 'active'),
(88, 'Neco- Egg Yellow', 13, 90, 11, 0, 189, 60, '2014-10-25 08:40:09', '2014-10-25 08:40:09', 'active'),
(89, 'Neco- Orange', 13, 0, 11, 0, 115, 40, '2014-10-25 08:40:43', '2014-10-25 08:40:43', 'active'),
(90, 'Neco- Ube Violet', 13, 0, 11, 0, 126, 40, '2014-10-25 08:41:19', '2014-10-25 08:41:19', 'active'),
(91, 'Palm Oil/ 19L.', 19, 0, 14, 0, 1345, 0, '2014-10-25 08:41:52', '2014-10-25 08:41:52', 'active'),
(92, 'Palm/ liter', 19, 46, 8, 0, 9, 0, '2014-10-25 08:42:18', '2014-10-25 08:42:18', 'active'),
(93, 'Palm Oil/ 15L.', 19, 620, 14, 0, 52, 0, '2014-10-25 08:42:47', '2014-10-25 08:42:47', 'active'),
(94, 'Peotraco', 3, 150, 13, 0, 128, 50, '2014-10-25 08:43:37', '2014-10-25 08:43:37', 'active'),
(95, 'Plastic Spoon', 24, 0, 7, 0, 1, 0, '2014-10-25 08:44:11', '2014-10-25 08:44:11', 'active'),
(96, 'Plastic Twine', 24, 0, 11, 0, 36, 0, '2014-10-25 08:45:52', '2014-10-25 08:45:52', 'active'),
(97, 'Prince', 1, 800, 7, 0, 27, 1, '2014-10-25 08:46:31', '2014-10-25 08:46:31', 'active'),
(98, 'Red Star Yeast', 23, 0, 11, 0, 162, 0, '2014-10-25 08:52:22', '2014-10-25 08:52:22', 'active'),
(99, 'Republic/ kg.', 1, 37, 1, 0, 242, 0, '2014-10-25 08:54:18', '2014-10-25 08:54:18', 'active'),
(100, 'Republic', 1, 865, 7, 0, 234, 0, '2014-10-25 15:09:36', '2014-10-25 15:09:36', 'active'),
(101, 'Royal ', 1, 0, 7, 0, 37, 0, '2014-10-25 15:11:16', '2014-10-25 15:11:16', 'active'),
(102, 'SAF Yeast', 23, 125, 11, 0, 115, 0, '2014-10-25 15:11:49', '2014-10-25 15:11:49', 'active'),
(103, 'Sonedco Golden', 3, 0, 7, 0, 115, 0, '2014-10-25 15:12:15', '2014-10-25 15:12:15', 'active'),
(104, 'Sonic Large', 16, 0, 12, 0, 101, 20, '2014-10-25 15:12:58', '2014-10-25 15:12:58', 'active'),
(105, 'Sonic Medium', 16, 196, 12, 0, 279, 60, '2014-10-25 15:13:29', '2014-10-25 15:13:29', 'active'),
(106, 'Sonic Tiny', 16, 105, 12, 0, 118, 100, '2014-10-25 15:13:55', '2014-10-25 15:13:55', 'active'),
(107, 'Spring Lard 40kg.', 20, 2270, 11, 0, 7, 0, '2014-10-25 15:14:43', '2014-10-25 15:14:43', 'active'),
(108, 'Spring Lard 6.8 kg.', 20, 470, 11, 0, 17, 0, '2014-10-25 15:15:14', '2014-10-25 15:15:14', 'active'),
(109, 'Spring Marg. 11kg.', 21, 600, 11, 0, 77, 0, '2014-10-25 15:15:48', '2014-10-25 15:15:48', 'active'),
(110, 'Spring Marg. 45kg.', 21, 2280, 11, 0, 12, 0, '2014-10-25 15:16:17', '2014-10-25 15:16:17', 'active'),
(111, 'Supot no. 1', 22, 0, 13, 0, 223, 50, '2014-10-25 15:17:40', '2014-10-25 15:17:40', 'active'),
(112, 'Supot no. 2', 22, 29, 13, 0, 139, 50, '2014-10-25 15:18:27', '2014-10-25 15:18:27', 'active'),
(113, 'Supot no. 3', 22, 34, 13, 0, 147, 50, '2014-10-25 15:19:06', '2014-10-25 15:19:06', 'active'),
(114, 'Supot no. 4', 22, 38, 13, 0, 72, 80, '2014-10-25 15:19:46', '2014-10-25 15:19:46', 'active'),
(115, 'Supot no. 5', 22, 0, 13, 0, 186, 50, '2014-10-25 15:20:15', '2014-10-25 15:20:15', 'active'),
(116, 'Supot no. 6', 22, 50, 13, 0, 83, 80, '2014-10-25 15:20:54', '2014-10-25 15:20:54', 'active'),
(117, 'Supot no. 10', 22, 75, 13, 0, 201, 50, '2014-10-25 15:21:23', '2014-10-25 15:21:23', 'active'),
(118, 'Taal Lard', 20, 0, 11, 0, 9, 0, '2014-10-25 15:22:36', '2014-10-25 15:22:36', 'active'),
(119, 'Tasty Bread Big', 7, 0, 13, 0, 174, 0, '2014-10-25 15:23:06', '2014-10-25 15:23:06', 'active'),
(120, 'Tasty Bread Small', 7, 0, 13, 0, 332, 0, '2014-10-25 15:23:43', '2014-10-25 15:23:43', 'active'),
(121, 'Vic. 1 kg.', 2, 0, 13, 0, 369, 100, '2014-10-25 15:40:22', '2014-10-25 15:40:22', 'active'),
(122, 'Vic. 1/2 kg.', 2, 0, 13, 0, 399, 100, '2014-10-25 15:40:51', '2014-10-25 15:40:51', 'active'),
(123, 'Vic. 1/4 kg.', 2, 0, 13, 0, 223, 100, '2014-10-25 15:41:30', '2014-10-25 15:41:30', 'active'),
(124, 'Victoria Wh.', 3, 0, 7, 0, 282, 0, '2014-10-25 15:43:58', '2014-10-25 15:43:58', 'active'),
(125, 'Wash/kg.', 3, 42, 1, 0, 12, 0, '2014-10-25 15:44:49', '2014-10-25 15:44:49', 'active'),
(126, 'Wh./ kg.', 3, 46, 1, 0, 140, 0, '2014-10-25 15:45:14', '2014-10-25 15:45:14', 'active'),
(127, 'White Cat Cornstarch', 1, 0, 7, 0, 17, 0, '2014-10-25 15:45:54', '2014-10-25 15:45:54', 'active'),
(128, 'z', 7, 0, 10, 0, 0, 0, '2014-10-27 13:36:49', '2014-10-27 13:36:49', 'inactive'),
(129, 'zz', 17, 0, 13, 0, 0, 0, '2014-10-27 13:38:31', '2014-10-27 13:38:31', 'inactive'),
(130, 'z', 6, 2, 10, 0, 0, 1, '2014-10-27 14:14:11', '2014-10-27 14:14:11', 'inactive'),
(131, 'z', 10, 0, 12, 0, 0, 0, '2014-10-27 14:14:29', '2014-10-27 14:14:29', 'inactive'),
(132, 'Unico', 10, 0, 11, 0, 25, 0, '2014-10-27 15:02:29', '2014-10-27 15:02:29', 'active'),
(133, 'Tray (Ceramic)', 24, 0, 11, 0, 7, 0, '2014-10-27 15:02:58', '2014-10-27 15:02:58', 'active');

-- --------------------------------------------------------

--
-- Table structure for table `purchaseorder`
--

CREATE TABLE IF NOT EXISTS `purchaseorder` (
  `poId` int(11) NOT NULL AUTO_INCREMENT,
  `supplierId` int(11) NOT NULL,
  `productId` int(11) NOT NULL,
  `status` varchar(15) NOT NULL,
  `dateArrival` datetime NOT NULL,
  `qty` int(11) NOT NULL,
  PRIMARY KEY (`poId`)
) ENGINE=InnoDB DEFAULT CHARSET=latin1 AUTO_INCREMENT=1 ;

-- --------------------------------------------------------

--
-- Table structure for table `supplier`
--

CREATE TABLE IF NOT EXISTS `supplier` (
  `supplierId` int(11) NOT NULL AUTO_INCREMENT,
  `supplierName` varchar(50) NOT NULL,
  `supplierContact` varchar(20) NOT NULL,
  `supplierContactPerson` varchar(120) NOT NULL,
  `created_date` datetime NOT NULL DEFAULT CURRENT_TIMESTAMP,
  `updated_date` datetime NOT NULL DEFAULT CURRENT_TIMESTAMP,
  `status` varchar(10) NOT NULL,
  `supplierAddress` varchar(200) NOT NULL,
  PRIMARY KEY (`supplierId`)
) ENGINE=InnoDB  DEFAULT CHARSET=latin1 AUTO_INCREMENT=28 ;

--
-- Dumping data for table `supplier`
--

INSERT INTO `supplier` (`supplierId`, `supplierName`, `supplierContact`, `supplierContactPerson`, `created_date`, `updated_date`, `status`, `supplierAddress`) VALUES
(1, 'Randerson Marketing', '', '', '2014-10-21 14:06:44', '2014-10-21 14:06:44', 'active', 'Tarlac'),
(2, 'Maax', '', '', '2014-10-26 22:00:46', '2014-10-26 22:00:46', 'active', ''),
(3, 'Neco Philippines', '', '', '2014-10-26 22:01:02', '2014-10-26 22:01:02', 'active', ''),
(4, 'Ferna Corp.', '', '', '2014-10-26 22:01:12', '2014-10-26 22:01:12', 'active', ''),
(5, 'Wellman', '', '', '2014-10-26 22:01:18', '2014-10-26 22:01:18', 'active', ''),
(6, 'JVSY', '', '', '2014-10-26 22:01:24', '2014-10-26 22:01:24', 'active', ''),
(7, 'Plastrade', '', '', '2014-10-26 22:01:32', '2014-10-26 22:01:32', 'active', ''),
(8, 'Arvin International', '', '', '2014-10-26 22:01:46', '2014-10-26 22:01:46', 'active', ''),
(9, 'Beelian', '', '', '2014-10-26 22:01:59', '2014-10-26 22:01:59', 'active', ''),
(10, 'Oceanic Sales', '', '', '2014-10-26 22:02:19', '2014-10-26 22:02:19', 'active', ''),
(11, 'AQT Commercial', '', '', '2014-10-26 22:02:38', '2014-10-26 22:02:38', 'active', ''),
(12, 'Minesville', '', '', '2014-10-26 22:02:45', '2014-10-26 22:02:45', 'active', ''),
(13, 'Greenleaves', '', '', '2014-10-26 22:03:04', '2014-10-26 22:03:04', 'active', ''),
(14, 'JRP Trading', '', '', '2014-10-26 22:03:27', '2014-10-26 22:03:27', 'active', ''),
(15, 'Eric Commercial', '', '', '2014-10-26 22:03:53', '2014-10-26 22:03:53', 'active', ''),
(16, 'General Milling Corp.', '', '', '2014-10-26 22:04:23', '2014-10-26 22:04:23', 'active', ''),
(17, 'CPPC', '', '', '2014-10-26 22:05:20', '2014-10-26 22:05:20', 'active', ''),
(18, 'Henry Choi', '', '', '2014-10-26 22:08:07', '2014-10-26 22:08:07', 'active', ''),
(19, 'Laguna Prime', '', '', '2014-10-27 14:26:07', '2014-10-27 14:26:07', 'active', ''),
(20, 'Kraft', '', '', '2014-10-27 14:50:06', '2014-10-27 14:50:06', 'active', ''),
(21, 'Lady Kiss', '', '', '2014-10-27 14:50:17', '2014-10-27 14:50:17', 'active', ''),
(22, 'Eric Commercial', '', '', '2014-10-27 14:50:36', '2014-10-27 14:50:36', 'inactive', ''),
(23, 'ChiuMart', '', '', '2014-10-27 14:53:36', '2014-10-27 14:53:36', 'active', ''),
(24, 'Euro Bakers', '', '', '2014-10-27 14:53:56', '2014-10-27 14:53:56', 'active', ''),
(25, 'Lim Pan', '', '', '2014-10-27 14:54:32', '2014-10-27 14:54:32', 'active', ''),
(26, 'Triple Victory', '', '', '2014-10-27 15:06:22', '2014-10-27 15:06:22', 'active', ''),
(27, '5 Maria''s Store', '', '', '2014-10-27 17:49:50', '2014-10-27 17:49:50', 'inactive', '');

-- --------------------------------------------------------

--
-- Table structure for table `transaction`
--

CREATE TABLE IF NOT EXISTS `transaction` (
  `transId` int(11) NOT NULL AUTO_INCREMENT,
  `orNo` int(11) NOT NULL,
  `productId` varchar(50) NOT NULL,
  `clientId` int(11) NOT NULL,
  `paymentMethod` varchar(15) NOT NULL,
  `transDate` datetime NOT NULL DEFAULT CURRENT_TIMESTAMP,
  `transStatus` varchar(10) NOT NULL,
  `qty` int(11) NOT NULL,
  `unitId` int(11) NOT NULL,
  `supplierPrice` double NOT NULL,
  `unitPrice` double NOT NULL,
  `paidBalance` double NOT NULL,
  `yellowBasyoReturned` int(11) NOT NULL,
  `transparentBasyoReturned` int(11) NOT NULL,
  PRIMARY KEY (`transId`)
) ENGINE=InnoDB  DEFAULT CHARSET=latin1 AUTO_INCREMENT=360 ;

--
-- Dumping data for table `transaction`
--

INSERT INTO `transaction` (`transId`, `orNo`, `productId`, `clientId`, `paymentMethod`, `transDate`, `transStatus`, `qty`, `unitId`, `supplierPrice`, `unitPrice`, `paidBalance`, `yellowBasyoReturned`, `transparentBasyoReturned`) VALUES
(1, 2014110028, '8', 34, 'Cash', '2014-10-27 15:25:05', 'Completed', 1, 7, 0, 660, 0, 0, 0),
(2, 2014110028, '30', 34, 'Cash', '2014-10-27 15:25:05', 'Completed', 1, 7, 0, 885, 0, 0, 0),
(3, 2014110028, '91', 34, 'Cash', '2014-10-27 15:25:05', 'Completed', 6, 14, 0, 765, 0, 0, 0),
(4, 2014110029, '79', 0, 'Cash', '2014-10-27 15:31:25', 'Completed', 1, 7, 0, 2180, 0, 0, 0),
(5, 2014110029, '47', 0, 'Cash', '2014-10-27 15:31:25', 'Completed', 8, 1, 0, 10, 0, 0, 0),
(6, 2014110029, '8', 0, 'Cash', '2014-10-27 15:31:25', 'Completed', 5, 7, 0, 660, 0, 0, 0),
(7, 2014110029, '9', 0, 'Cash', '2014-10-27 15:31:25', 'Completed', 8, 1, 0, 30, 0, 0, 0),
(8, 2014110029, '31', 0, 'Cash', '2014-10-27 15:31:25', 'Completed', 1, 11, 0, 90, 0, 0, 0),
(9, 2014110029, '91', 0, 'Cash', '2014-10-27 15:31:26', 'Completed', 9, 14, 0, 770, 0, 0, 0),
(10, 2014110029, '41', 0, 'Cash', '2014-10-27 15:31:26', 'Completed', 2, 11, 0, 25, 0, 0, 0),
(11, 2014110029, '94', 0, 'Cash', '2014-10-27 15:31:26', 'Completed', 4, 13, 0, 150, 0, 0, 0),
(12, 2014110029, '26', 0, 'Cash', '2014-10-27 15:31:26', 'Completed', 1, 10, 0, 1140, 0, 0, 0),
(13, 2014110029, '82', 0, 'Cash', '2014-10-27 15:31:26', 'Completed', 2, 1, 0, 35, 0, 0, 0),
(14, 2014110029, '112', 0, 'Cash', '2014-10-27 15:31:26', 'Completed', 2, 13, 0, 29, 0, 0, 0),
(15, 2014110029, '93', 0, 'Cash', '2014-10-27 15:31:26', 'Completed', 2, 14, 0, 620, 0, 0, 0),
(16, 2014110029, '103', 0, 'Cash', '2014-10-27 15:31:26', 'Completed', 1, 7, 0, 1760, 0, 0, 0),
(17, 2014110030, '59', 0, 'Cash', '2014-10-27 15:38:09', 'Completed', 4, 1, 0, 15, 0, 0, 0),
(18, 2014110030, '30', 0, 'Cash', '2014-10-27 15:38:09', 'Completed', 2, 7, 0, 885, 0, 0, 0),
(19, 2014110030, '126', 0, 'Cash', '2014-10-27 15:38:09', 'Completed', 5, 1, 0, 46, 0, 0, 0),
(20, 2014110030, '31', 0, 'Cash', '2014-10-27 15:38:09', 'Completed', 2, 11, 0, 90, 0, 0, 0),
(21, 2014110030, '91', 0, 'Cash', '2014-10-27 15:38:09', 'Completed', 1, 14, 0, 770, 0, 0, 0),
(22, 2014110030, '109', 0, 'Cash', '2014-10-27 15:38:09', 'Completed', 1, 11, 0, 600, 0, 0, 0),
(23, 2014110030, '108', 0, 'Cash', '2014-10-27 15:38:09', 'Completed', 1, 11, 0, 470, 0, 0, 0),
(24, 2014110030, '17', 0, 'Cash', '2014-10-27 15:38:09', 'Completed', 1, 12, 146.06, 165, 0, 0, 0),
(25, 2014110030, '41', 0, 'Cash', '2014-10-27 15:38:09', 'Completed', 4, 11, 0, 25, 0, 0, 0),
(26, 2014110030, '125', 0, 'Cash', '2014-10-27 15:38:09', 'Completed', 5, 1, 0, 42, 0, 0, 0),
(27, 2014110030, '73', 0, 'Cash', '2014-10-27 15:38:09', 'Completed', 4, 1, 0, 37, 0, 0, 0),
(28, 2014110030, '50', 0, 'Cash', '2014-10-27 15:38:09', 'Completed', 1, 1, 0, 36, 0, 0, 0),
(29, 2014110030, '57', 0, 'Cash', '2014-10-27 15:38:09', 'Completed', 1, 11, 0, 45, 0, 0, 0),
(30, 2014110031, '71', 14, 'Balance', '2014-10-27 15:39:12', 'Completed', 100, 11, 0, 37.5, 0, 0, 0),
(31, 2014110031, '103', 14, 'Balance', '2014-10-27 15:39:12', 'Completed', 5, 7, 0, 1760, 0, 0, 0),
(32, 2014110031, '34', 14, 'Balance', '2014-10-27 15:39:12', 'Completed', 2, 7, 0, 1900, 0, 0, 0),
(33, 2014110032, '79', 0, 'Cash', '2014-10-27 15:43:50', 'Completed', 1, 7, 0, 2180, 0, 0, 0),
(34, 2014110032, '47', 0, 'Cash', '2014-10-27 15:43:50', 'Completed', 4, 1, 0, 10, 0, 0, 0),
(35, 2014110032, '59', 0, 'Cash', '2014-10-27 15:43:50', 'Completed', 4, 1, 0, 15, 0, 0, 0),
(36, 2014110032, '71', 0, 'Cash', '2014-10-27 15:43:50', 'Completed', 20, 11, 0, 37.5, 0, 0, 0),
(37, 2014110032, '126', 0, 'Cash', '2014-10-27 15:43:50', 'Completed', 25, 1, 0, 46, 0, 0, 0),
(38, 2014110032, '91', 0, 'Cash', '2014-10-27 15:43:50', 'Completed', 4, 14, 0, 770, 0, 0, 0),
(39, 2014110032, '124', 0, 'Cash', '2014-10-27 15:43:50', 'Completed', 1, 7, 0, 2150, 0, 0, 0),
(40, 2014110032, '55', 0, 'Cash', '2014-10-27 15:43:50', 'Completed', 1, 13, 0, 110, 0, 0, 0),
(41, 2014110032, '94', 0, 'Cash', '2014-10-27 15:43:50', 'Completed', 1, 13, 0, 150, 0, 0, 0),
(42, 2014110032, '74', 0, 'Cash', '2014-10-27 15:43:50', 'Completed', 1, 7, 0, 290, 0, 0, 0),
(43, 2014110032, '4', 0, 'Cash', '2014-10-27 15:43:50', 'Completed', 2, 7, 0, 1850, 0, 0, 0),
(44, 2014110032, '50', 0, 'Cash', '2014-10-27 15:43:50', 'Completed', 5, 1, 0, 36, 0, 0, 0),
(45, 2014110032, '19', 0, 'Cash', '2014-10-27 15:43:51', 'Completed', 1, 12, 0, 160, 0, 0, 0),
(46, 2014110033, '79', 129, 'Cash', '2014-10-27 15:45:02', 'Completed', 1, 7, 0, 2180, 0, 0, 0),
(47, 2014110033, '30', 129, 'Cash', '2014-10-27 15:45:02', 'Completed', 1, 7, 0, 880, 0, 0, 0),
(48, 2014110033, '102', 129, 'Cash', '2014-10-27 15:45:02', 'Completed', 1, 11, 0, 125, 0, 0, 0),
(49, 2014110033, '45', 129, 'Cash', '2014-10-27 15:45:02', 'Completed', 2, 14, 0, 1040, 0, 0, 0),
(50, 2014110033, '27', 129, 'Cash', '2014-10-27 15:45:02', 'Completed', 1, 7, 0, 1020, 0, 0, 0),
(51, 2014110034, '8', 0, 'Cash', '2014-10-27 15:47:29', 'Completed', 5, 7, 0, 660, 0, 0, 0),
(52, 2014110034, '71', 0, 'Cash', '2014-10-27 15:47:29', 'Completed', 200, 11, 0, 37.25, 0, 0, 0),
(53, 2014110034, '9', 0, 'Cash', '2014-10-27 15:47:29', 'Completed', 2, 1, 0, 30, 0, 0, 0),
(54, 2014110034, '92', 0, 'Cash', '2014-10-27 15:47:29', 'Completed', 2, 8, 0, 46, 0, 0, 0),
(55, 2014110034, '91', 0, 'Cash', '2014-10-27 15:47:29', 'Completed', 2, 14, 0, 770, 0, 0, 0),
(56, 2014110034, '45', 0, 'Cash', '2014-10-27 15:47:29', 'Completed', 2, 14, 0, 1040, 0, 0, 0),
(57, 2014110034, '124', 0, 'Cash', '2014-10-27 15:47:30', 'Completed', 1, 7, 0, 2150, 0, 0, 0),
(58, 2014110034, '114', 0, 'Cash', '2014-10-27 15:47:30', 'Completed', 12, 13, 0, 38, 0, 0, 0),
(59, 2014110034, '116', 0, 'Cash', '2014-10-27 15:47:30', 'Completed', 10, 13, 0, 50, 0, 0, 0),
(60, 2014110034, '103', 0, 'Cash', '2014-10-27 15:47:30', 'Completed', 1, 7, 0, 1760, 0, 0, 0),
(61, 2014110034, '34', 0, 'Cash', '2014-10-27 15:47:30', 'Completed', 1, 7, 0, 1900, 0, 0, 0),
(62, 2014110035, '8', 396, 'Cash', '2014-10-27 15:48:47', 'Completed', 1, 7, 0, 660, 0, 0, 0),
(63, 2014110035, '30', 396, 'Cash', '2014-10-27 15:48:47', 'Completed', 2, 7, 0, 880, 0, 0, 0),
(64, 2014110035, '92', 396, 'Cash', '2014-10-27 15:48:47', 'Completed', 2, 8, 0, 46, 0, 0, 0),
(65, 2014110035, '4', 396, 'Cash', '2014-10-27 15:48:47', 'Completed', 1, 7, 0, 1850, 0, 0, 0),
(66, 2014110035, '29', 396, 'Cash', '2014-10-27 15:48:47', 'Completed', 1, 13, 0, 58, 0, 0, 0),
(67, 2014110035, '28', 396, 'Cash', '2014-10-27 15:48:47', 'Completed', 2, 13, 0, 80, 0, 0, 0),
(68, 2014110035, '113', 396, 'Cash', '2014-10-27 15:48:47', 'Completed', 1, 13, 0, 34, 0, 0, 0),
(69, 2014110035, '116', 396, 'Cash', '2014-10-27 15:48:47', 'Completed', 1, 13, 0, 50, 0, 0, 0),
(70, 2014110035, '117', 396, 'Cash', '2014-10-27 15:48:47', 'Completed', 1, 13, 0, 75, 0, 0, 0),
(71, 2014110036, '8', 375, 'Cash', '2014-10-27 15:49:17', 'Completed', 8, 7, 0, 655, 0, 0, 0),
(72, 2014110036, '103', 375, 'Cash', '2014-10-27 15:49:17', 'Completed', 4, 7, 0, 1760, 0, 0, 0),
(73, 2014110037, '97', 210, 'Balance', '2014-10-27 15:49:46', 'Completed', 18, 7, 0, 800, 0, 0, 0),
(74, 2014110038, '8', 68, 'Cash', '2014-10-27 15:52:28', 'Completed', 3, 7, 0, 660, 0, 0, 0),
(75, 2014110038, '30', 68, 'Cash', '2014-10-27 15:52:28', 'Completed', 3, 7, 0, 885, 0, 0, 0),
(76, 2014110038, '92', 68, 'Cash', '2014-10-27 15:52:28', 'Completed', 5, 8, 0, 46, 0, 0, 0),
(77, 2014110038, '102', 68, 'Cash', '2014-10-27 15:52:28', 'Completed', 3, 11, 0, 125, 0, 0, 0),
(78, 2014110038, '108', 68, 'Cash', '2014-10-27 15:52:28', 'Completed', 1, 11, 0, 470, 0, 0, 0),
(79, 2014110038, '41', 68, 'Cash', '2014-10-27 15:52:28', 'Completed', 12, 11, 0, 25, 0, 0, 0),
(80, 2014110038, '4', 68, 'Cash', '2014-10-27 15:52:28', 'Completed', 1, 7, 0, 1850, 0, 0, 0),
(81, 2014110038, '58', 68, 'Cash', '2014-10-27 15:52:29', 'Completed', 2, 11, 0, 115, 0, 0, 0),
(82, 2014110039, '79', 351, 'Cash', '2014-10-27 15:52:50', 'Completed', 1, 7, 0, 2180, 0, 0, 0),
(83, 2014110040, '47', 183, 'Cash', '2014-10-27 15:54:11', 'Completed', 8, 1, 0, 10, 0, 0, 0),
(84, 2014110040, '8', 183, 'Cash', '2014-10-27 15:54:11', 'Completed', 3, 7, 0, 660, 0, 0, 0),
(85, 2014110040, '30', 183, 'Cash', '2014-10-27 15:54:11', 'Completed', 6, 7, 0, 880, 0, 0, 0),
(86, 2014110040, '91', 183, 'Cash', '2014-10-27 15:54:11', 'Completed', 1, 14, 0, 770, 0, 0, 0),
(87, 2014110040, '41', 183, 'Cash', '2014-10-27 15:54:11', 'Completed', 4, 11, 0, 24, 0, 0, 0),
(88, 2014110040, '4', 183, 'Cash', '2014-10-27 15:54:11', 'Completed', 2, 7, 0, 1850, 0, 0, 0),
(89, 2014110040, '44', 183, 'Cash', '2014-10-27 15:54:11', 'Completed', 1, 1, 0, 80, 0, 0, 0),
(90, 2014110040, '50', 183, 'Cash', '2014-10-27 15:54:12', 'Completed', 2, 1, 0, 36, 0, 0, 0),
(91, 2014110040, '67', 183, 'Cash', '2014-10-27 15:54:12', 'Completed', 1, 11, 0, 85, 0, 0, 0),
(92, 2014110041, '106', 208, 'Cash', '2014-10-27 15:54:36', 'Completed', 25, 12, 0, 98.6, 0, 0, 0),
(93, 2014110042, '45', 97, 'Cash', '2014-10-27 15:55:45', 'Completed', 5, 14, 0, 1040, 0, 0, 0),
(94, 2014110042, '70', 97, 'Cash', '2014-10-27 15:55:45', 'Completed', 15, 7, 0, 855, 0, 0, 0),
(95, 2014110042, '4', 97, 'Cash', '2014-10-27 15:55:45', 'Completed', 2, 7, 0, 1850, 0, 0, 0),
(96, 2014110043, '9', 0, 'Cash', '2014-10-27 15:56:08', 'Completed', 5, 1, 0, 30, 0, 0, 0),
(97, 2014110043, '4', 0, 'Cash', '2014-10-27 15:56:08', 'Completed', 1, 7, 0, 1850, 0, 0, 0),
(98, 2014110044, '100', 130, 'Balance', '2014-10-27 15:56:27', 'Completed', 10, 7, 0, 865, 0, 0, 0),
(99, 2014110045, '97', 0, 'Cash', '2014-10-27 16:02:14', 'Completed', 3, 7, 0, 800, 0, 0, 0),
(100, 2014110045, '126', 0, 'Cash', '2014-10-27 16:02:14', 'Completed', 2, 1, 0, 46, 0, 0, 0),
(101, 2014110045, '99', 0, 'Cash', '2014-10-27 16:02:14', 'Completed', 5, 1, 0, 37, 0, 0, 0),
(102, 2014110045, '9', 0, 'Cash', '2014-10-27 16:02:14', 'Completed', 3, 1, 0, 30, 0, 0, 0),
(103, 2014110045, '92', 0, 'Cash', '2014-10-27 16:02:14', 'Completed', 7, 8, 0, 46, 0, 0, 0),
(104, 2014110045, '91', 0, 'Cash', '2014-10-27 16:02:14', 'Completed', 3, 14, 0, 770, 0, 0, 0),
(105, 2014110045, '35', 0, 'Cash', '2014-10-27 16:02:15', 'Completed', 1, 11, 0, 110, 0, 0, 0),
(106, 2014110045, '85', 0, 'Cash', '2014-10-27 16:02:15', 'Completed', 1, 11, 0, 60, 0, 0, 0),
(107, 2014110045, '73', 0, 'Cash', '2014-10-27 16:02:15', 'Completed', 2, 1, 0, 37, 0, 0, 0),
(108, 2014110045, '57', 0, 'Cash', '2014-10-27 16:02:15', 'Completed', 1, 11, 0, 45, 0, 0, 0),
(109, 2014110046, '79', 0, 'Cash', '2014-10-27 16:04:04', 'Completed', 1, 7, 0, 2180, 0, 0, 0),
(110, 2014110046, '100', 0, 'Cash', '2014-10-27 16:04:04', 'Completed', 2, 7, 0, 870, 0, 0, 0),
(111, 2014110046, '43', 0, 'Cash', '2014-10-27 16:04:04', 'Completed', 1, 7, 0, 770, 0, 0, 0),
(112, 2014110046, '8', 0, 'Cash', '2014-10-27 16:04:04', 'Completed', 1, 7, 0, 660, 0, 0, 0),
(113, 2014110046, '126', 0, 'Cash', '2014-10-27 16:04:04', 'Completed', 13, 1, 0, 46, 0, 0, 0),
(114, 2014110046, '92', 0, 'Cash', '2014-10-27 16:04:04', 'Completed', 5, 8, 0, 46, 0, 0, 0),
(115, 2014110046, '31', 0, 'Cash', '2014-10-27 16:04:04', 'Completed', 1, 11, 0, 90, 0, 0, 0),
(116, 2014110046, '91', 0, 'Cash', '2014-10-27 16:04:04', 'Completed', 2, 14, 0, 770, 0, 0, 0),
(117, 2014110046, '109', 0, 'Cash', '2014-10-27 16:04:04', 'Completed', 1, 11, 0, 600, 0, 0, 0),
(118, 2014110046, '73', 0, 'Cash', '2014-10-27 16:04:04', 'Completed', 10, 1, 0, 37, 0, 0, 0),
(119, 2014110046, '74', 0, 'Cash', '2014-10-27 16:04:04', 'Completed', 1, 7, 0, 290, 0, 0, 0),
(120, 2014110046, '93', 0, 'Cash', '2014-10-27 16:04:04', 'Completed', 2, 14, 0, 620, 0, 0, 0),
(121, 2014110047, '79', 530, 'Cash', '2014-10-27 16:07:34', 'Completed', 3, 7, 0, 2180, 0, 0, 0),
(122, 2014110047, '4', 530, 'Cash', '2014-10-27 16:07:34', 'Completed', 2, 7, 0, 1850, 0, 0, 0),
(123, 2014110048, '91', 125, 'Cash', '2014-10-27 16:08:04', 'Completed', 1, 14, 0, 765, 0, 0, 0),
(124, 2014110048, '35', 125, 'Cash', '2014-10-27 16:08:04', 'Completed', 1, 11, 0, 110, 0, 0, 0),
(125, 2014110049, '47', 371, 'Cash', '2014-10-27 16:08:54', 'Completed', 2, 1, 0, 10, 0, 0, 0),
(126, 2014110049, '8', 371, 'Cash', '2014-10-27 16:08:54', 'Completed', 1, 7, 0, 660, 0, 0, 0),
(127, 2014110049, '30', 371, 'Cash', '2014-10-27 16:08:54', 'Completed', 3, 7, 0, 880, 0, 0, 0),
(128, 2014110049, '126', 371, 'Cash', '2014-10-27 16:08:55', 'Completed', 15, 1, 0, 46, 0, 0, 0),
(129, 2014110049, '109', 371, 'Cash', '2014-10-27 16:08:55', 'Completed', 1, 11, 0, 600, 0, 0, 0),
(130, 2014110049, '73', 371, 'Cash', '2014-10-27 16:08:55', 'Completed', 35, 1, 0, 37, 0, 0, 0),
(131, 2014110050, '79', 544, 'Cash', '2014-10-27 16:10:09', 'Completed', 2, 7, 0, 2180, 0, 0, 0),
(132, 2014110050, '100', 544, 'Cash', '2014-10-27 16:10:09', 'Completed', 10, 7, 0, 865, 0, 0, 0),
(133, 2014110050, '8', 544, 'Cash', '2014-10-27 16:10:09', 'Completed', 2, 7, 0, 660, 0, 0, 0),
(134, 2014110050, '31', 544, 'Cash', '2014-10-27 16:10:09', 'Completed', 5, 11, 0, 90, 0, 0, 0),
(135, 2014110050, '91', 544, 'Cash', '2014-10-27 16:10:09', 'Completed', 1, 14, 0, 770, 0, 0, 0),
(136, 2014110051, '106', 528, 'Cash', '2014-10-27 16:14:05', 'Completed', 1, 12, 0, 105, 0, 0, 0),
(137, 2014110052, '91', 200, 'Cash', '2014-10-27 16:14:46', 'Completed', 4, 14, 0, 765, 0, 0, 0),
(138, 2014110052, '105', 200, 'Cash', '2014-10-27 16:14:46', 'Completed', 15, 12, 0, 196, 0, 0, 0),
(139, 2014110052, '35', 200, 'Cash', '2014-10-27 16:14:46', 'Completed', 4, 11, 0, 110, 0, 0, 0),
(140, 2014110053, '91', 438, 'Cash', '2014-10-27 16:15:22', 'Completed', 1, 14, 0, 765, 0, 0, 0),
(141, 2014110053, '45', 438, 'Cash', '2014-10-27 16:15:22', 'Completed', 1, 14, 0, 1040, 0, 0, 0),
(142, 2014110053, '35', 438, 'Cash', '2014-10-27 16:15:22', 'Completed', 2, 11, 0, 110, 0, 0, 0),
(143, 2014110054, '8', 0, 'Cash', '2014-10-27 16:46:12', 'Completed', 1, 7, 0, 660, 0, 0, 0),
(144, 2014110054, '97', 0, 'Cash', '2014-10-27 16:46:12', 'Completed', 4, 7, 0, 800, 0, 0, 0),
(145, 2014110054, '126', 0, 'Cash', '2014-10-27 16:46:12', 'Completed', 1, 1, 0, 46, 0, 0, 0),
(146, 2014110054, '9', 0, 'Cash', '2014-10-27 16:46:12', 'Completed', 1, 1, 0, 30, 0, 0, 0),
(147, 2014110054, '91', 0, 'Cash', '2014-10-27 16:46:12', 'Completed', 2, 14, 0, 770, 0, 0, 0),
(148, 2014110054, '92', 0, 'Cash', '2014-10-27 16:46:12', 'Completed', 4, 8, 0, 46, 0, 0, 0),
(149, 2014110054, '70', 0, 'Cash', '2014-10-27 16:46:12', 'Completed', 1, 7, 0, 860, 0, 0, 0),
(150, 2014110054, '41', 0, 'Cash', '2014-10-27 16:46:13', 'Completed', 4, 11, 0, 25, 0, 0, 0),
(151, 2014110054, '125', 0, 'Cash', '2014-10-27 16:46:13', 'Completed', 1, 1, 0, 42, 0, 0, 0),
(152, 2014110054, '73', 0, 'Cash', '2014-10-27 16:46:13', 'Completed', 9, 1, 0, 37, 0, 0, 0),
(153, 2014110054, '4', 0, 'Cash', '2014-10-27 16:46:13', 'Completed', 1, 7, 0, 1850, 0, 0, 0),
(154, 2014110054, '50', 0, 'Cash', '2014-10-27 16:46:13', 'Completed', 1, 1, 0, 36, 0, 0, 0),
(155, 2014110055, '126', 0, 'Cash', '2014-10-27 16:55:34', 'Completed', 3, 1, 0, 46, 0, 0, 0),
(156, 2014110055, '92', 0, 'Cash', '2014-10-27 16:55:34', 'Completed', 5, 8, 0, 46, 0, 0, 0),
(157, 2014110055, '91', 0, 'Cash', '2014-10-27 16:55:34', 'Completed', 2, 14, 0, 770, 0, 0, 0),
(158, 2014110055, '70', 0, 'Cash', '2014-10-27 16:55:34', 'Completed', 1, 7, 0, 860, 0, 0, 0),
(159, 2014110055, '88', 0, 'Cash', '2014-10-27 16:55:34', 'Completed', 1, 11, 0, 90, 0, 0, 0),
(160, 2014110055, '41', 0, 'Cash', '2014-10-27 16:55:34', 'Completed', 4, 11, 0, 25, 0, 0, 0),
(161, 2014110055, '85', 0, 'Cash', '2014-10-27 16:55:34', 'Completed', 1, 11, 0, 60, 0, 0, 0),
(162, 2014110055, '73', 0, 'Cash', '2014-10-27 16:55:34', 'Completed', 28, 1, 0, 37, 0, 0, 0),
(163, 2014110055, '112', 0, 'Cash', '2014-10-27 16:55:34', 'Completed', 14, 13, 0, 29, 0, 0, 0),
(164, 2014110055, '50', 0, 'Cash', '2014-10-27 16:55:35', 'Completed', 1, 1, 0, 36, 0, 0, 0),
(165, 2014110055, '69', 0, 'Cash', '2014-10-27 16:55:35', 'Completed', 1, 11, 0, 20, 0, 0, 0),
(166, 2014110055, '93', 0, 'Cash', '2014-10-27 16:55:35', 'Completed', 2, 14, 0, 620, 0, 0, 0),
(167, 2014110056, '91', 187, 'Cash', '2014-10-27 17:48:09', 'Completed', 1, 14, 0, 765, 0, 0, 0),
(168, 2014110056, '35', 187, 'Cash', '2014-10-27 17:48:10', 'Completed', 1, 11, 0, 110, 0, 0, 0),
(169, 2014110057, '79', 156, 'Cash', '2014-10-27 17:49:21', 'Completed', 1, 7, 0, 2180, 0, 0, 0),
(170, 2014110057, '8', 156, 'Cash', '2014-10-27 17:49:21', 'Completed', 3, 7, 0, 660, 0, 0, 0),
(171, 2014110057, '91', 156, 'Cash', '2014-10-27 17:49:21', 'Completed', 7, 14, 0, 765, 0, 0, 0),
(172, 2014110057, '103', 156, 'Cash', '2014-10-27 17:49:21', 'Completed', 1, 7, 0, 1760, 0, 0, 0),
(173, 2014110057, '34', 156, 'Cash', '2014-10-27 17:49:21', 'Completed', 1, 7, 0, 1900, 0, 0, 0),
(174, 2014110058, '34', 567, 'Cash', '2014-10-27 17:51:28', 'Completed', 3, 7, 0, 1860, 0, 0, 0),
(175, 2014110059, '8', 288, 'Balance', '2014-10-27 17:54:29', 'Completed', 5, 7, 0, 650, 0, 0, 0),
(176, 2014110059, '71', 288, 'Balance', '2014-10-27 17:54:30', 'Completed', 100, 11, 0, 37.25, 0, 0, 0),
(177, 2014110059, '124', 288, 'Balance', '2014-10-27 17:54:30', 'Completed', 5, 7, 0, 2150, 0, 0, 0),
(178, 2014110059, '4', 288, 'Balance', '2014-10-27 17:54:30', 'Completed', 5, 7, 0, 1850, 0, 0, 0),
(179, 2014110059, '103', 288, 'Balance', '2014-10-27 17:54:30', 'Completed', 5, 7, 0, 1760, 0, 0, 0),
(180, 2014110059, '34', 288, 'Balance', '2014-10-27 17:54:30', 'Completed', 5, 7, 0, 1850, 0, 0, 0),
(181, 2014110060, '8', 568, 'Balance', '2014-10-27 17:57:32', 'Completed', 5, 7, 0, 655, 0, 0, 0),
(182, 2014110060, '30', 568, 'Balance', '2014-10-27 17:57:32', 'Completed', 25, 7, 0, 880, 0, 0, 0),
(183, 2014110060, '91', 568, 'Balance', '2014-10-27 17:57:32', 'Completed', 2, 14, 0, 770, 0, 0, 0),
(184, 2014110060, '35', 568, 'Balance', '2014-10-27 17:57:32', 'Completed', 2, 11, 0, 110, 0, 0, 0),
(185, 2014110060, '55', 568, 'Balance', '2014-10-27 17:57:32', 'Completed', 12, 13, 0, 110, 0, 0, 0),
(186, 2014110060, '94', 568, 'Balance', '2014-10-27 17:57:32', 'Completed', 3, 13, 0, 150, 0, 0, 0),
(187, 2014110060, '33', 568, 'Balance', '2014-10-27 17:57:32', 'Completed', 5, 1, 0, 150, 0, 0, 0),
(188, 2014110060, '67', 568, 'Balance', '2014-10-27 17:57:33', 'Completed', 8, 11, 0, 80, 0, 0, 0),
(189, 2014110061, '79', 410, 'Balance', '2014-10-27 17:58:36', 'Completed', 1, 7, 0, 2190, 0, 0, 0),
(190, 2014110062, '79', 278, 'Balance', '2014-10-27 18:01:32', 'Completed', 1, 7, 0, 2170, 0, 0, 0),
(191, 2014110062, '100', 278, 'Balance', '2014-10-27 18:01:32', 'Completed', 15, 7, 0, 865, 0, 0, 0),
(192, 2014110062, '8', 278, 'Balance', '2014-10-27 18:01:32', 'Completed', 15, 7, 0, 650, 0, 0, 0),
(193, 2014110062, '71', 278, 'Balance', '2014-10-27 18:01:32', 'Completed', 80, 11, 0, 37.5, 0, 0, 0),
(194, 2014110062, '91', 278, 'Balance', '2014-10-27 18:01:32', 'Completed', 50, 14, 0, 760, 0, 0, 0),
(195, 2014110062, '35', 278, 'Balance', '2014-10-27 18:01:32', 'Completed', 50, 11, 0, 110, 0, 0, 0),
(196, 2014110062, '124', 278, 'Balance', '2014-10-27 18:01:32', 'Completed', 1, 7, 0, 2150, 0, 0, 0),
(197, 2014110062, '103', 278, 'Balance', '2014-10-27 18:01:32', 'Completed', 2, 7, 0, 1760, 0, 0, 0),
(198, 2014110063, '100', 323, 'Balance', '2014-10-27 18:03:34', 'Completed', 5, 7, 0, 865, 0, 0, 0),
(199, 2014110063, '31', 323, 'Balance', '2014-10-27 18:03:34', 'Completed', 20, 11, 0, 84, 0, 0, 0),
(200, 2014110063, '91', 323, 'Balance', '2014-10-27 18:03:34', 'Completed', 120, 14, 0, 760, 0, 0, 0),
(201, 2014110063, '45', 323, 'Balance', '2014-10-27 18:03:34', 'Completed', 5, 14, 0, 1030, 0, 0, 0),
(202, 2014110063, '35', 323, 'Balance', '2014-10-27 18:03:34', 'Completed', 125, 11, 0, 110, 0, 0, 0),
(203, 2014110063, '124', 323, 'Balance', '2014-10-27 18:03:34', 'Completed', 10, 7, 0, 2150, 0, 0, 0),
(204, 2014110063, '2', 323, 'Balance', '2014-10-27 18:03:34', 'Completed', 10, 1, 0, 580, 0, 0, 0),
(205, 2014110063, '77', 323, 'Balance', '2014-10-27 18:03:35', 'Completed', 10, 7, 0, 1760, 0, 0, 0),
(206, 2014110064, '91', 51, 'Balance', '2014-10-27 18:07:23', 'Completed', 25, 14, 0, 765, 0, 0, 0),
(207, 2014110064, '35', 51, 'Balance', '2014-10-27 18:07:23', 'Completed', 25, 11, 0, 110, 0, 0, 0),
(208, 2014110065, '8', 251, 'Balance', '2014-10-27 18:08:34', 'Completed', 10, 7, 0, 650, 0, 0, 0),
(209, 2014110065, '91', 251, 'Balance', '2014-10-27 18:08:34', 'Completed', 80, 14, 0, 760, 0, 0, 0),
(210, 2014110065, '35', 251, 'Balance', '2014-10-27 18:08:34', 'Completed', 80, 11, 0, 110, 0, 0, 0),
(211, 2014110065, '4', 251, 'Balance', '2014-10-27 18:08:34', 'Completed', 3, 7, 0, 1850, 0, 0, 0),
(212, 2014110065, '34', 251, 'Balance', '2014-10-27 18:08:34', 'Completed', 2, 7, 0, 1850, 0, 0, 0),
(213, 2014110066, '4', 148, 'Cash', '2014-10-27 18:08:58', 'Completed', 1, 7, 0, 1850, 0, 0, 0),
(214, 2014110067, '8', 323, 'Balance', '2014-10-27 18:09:40', 'Completed', 20, 7, 0, 650, 0, 0, 0),
(215, 2014110067, '91', 323, 'Balance', '2014-10-27 18:09:40', 'Completed', 30, 14, 0, 760, 0, 0, 0),
(216, 2014110067, '124', 323, 'Balance', '2014-10-27 18:09:40', 'Completed', 2, 7, 0, 2150, 0, 0, 0),
(217, 2014110068, '15', 148, 'Cash', '2014-10-27 18:13:25', 'Completed', 2, 12, 218.86, 243, 0, 0, 0),
(218, 2014110068, '16', 148, 'Cash', '2014-10-27 18:13:25', 'Completed', 7, 12, 127.63, 145, 0, 0, 0),
(219, 2014110068, '17', 148, 'Cash', '2014-10-27 18:13:25', 'Completed', 2, 12, 146.06, 165, 0, 0, 0),
(220, 2014110068, '20', 148, 'Cash', '2014-10-27 18:13:25', 'Completed', 4, 12, 175.08, 195, 0, 0, 0),
(221, 2014110068, '21', 148, 'Cash', '2014-10-27 18:13:25', 'Completed', 4, 12, 218.86, 243, 0, 0, 0),
(222, 2014110068, '5', 148, 'Cash', '2014-10-27 18:13:25', 'Completed', 2, 13, 106.43, 135, 0, 0, 0),
(223, 2014110069, '47', 148, 'Cash', '2014-10-27 18:25:13', 'Completed', 10, 1, 0, 10, 0, 0, 0),
(224, 2014110069, '100', 148, 'Cash', '2014-10-27 18:25:13', 'Completed', 20, 7, 0, 865, 0, 0, 0),
(225, 2014110069, '8', 148, 'Cash', '2014-10-27 18:25:13', 'Completed', 10, 7, 0, 650, 0, 0, 0),
(226, 2014110069, '49', 148, 'Cash', '2014-10-27 18:25:13', 'Completed', 1, 7, 0, 800, 0, 0, 0),
(227, 2014110069, '31', 148, 'Cash', '2014-10-27 18:25:13', 'Completed', 20, 11, 0, 87.5, 0, 0, 0),
(228, 2014110069, '91', 148, 'Cash', '2014-10-27 18:25:13', 'Completed', 2, 14, 0, 770, 0, 0, 0),
(229, 2014110069, '107', 148, 'Cash', '2014-10-27 18:25:14', 'Completed', 1, 11, 0, 2270, 0, 0, 0),
(230, 2014110069, '35', 148, 'Cash', '2014-10-27 18:25:14', 'Completed', 2, 11, 0, 110, 0, 0, 0),
(231, 2014110069, '40', 148, 'Cash', '2014-10-27 18:25:14', 'Completed', 1, 7, 0, 1200, 0, 0, 0),
(232, 2014110069, '55', 148, 'Cash', '2014-10-27 18:25:14', 'Completed', 5, 13, 0, 110, 0, 0, 0),
(233, 2014110069, '94', 148, 'Cash', '2014-10-27 18:25:14', 'Completed', 10, 13, 0, 150, 0, 0, 0),
(234, 2014110069, '33', 148, 'Cash', '2014-10-27 18:25:14', 'Completed', 2, 1, 0, 150, 0, 0, 0),
(235, 2014110069, '4', 148, 'Cash', '2014-10-27 18:25:14', 'Completed', 4, 7, 0, 1850, 0, 0, 0),
(236, 2014110070, '37', 60, 'Balance', '2014-10-27 18:41:05', 'Completed', 1, 12, 0, 680, 0, 0, 0),
(237, 2014110070, '91', 60, 'Balance', '2014-10-27 18:41:05', 'Completed', 100, 14, 0, 760, 0, 0, 0),
(238, 2014110070, '35', 60, 'Balance', '2014-10-27 18:41:05', 'Completed', 100, 11, 0, 110, 0, 0, 0),
(239, 2014110070, '94', 60, 'Balance', '2014-10-27 18:41:05', 'Completed', 5, 13, 0, 150, 0, 0, 0),
(240, 2014110071, '30', 52, 'Balance', '2014-10-27 18:44:01', 'Completed', 30, 7, 0, 870, 0, 0, 0),
(241, 2014110071, '91', 52, 'Balance', '2014-10-27 18:44:01', 'Completed', 70, 14, 0, 760, 0, 0, 0),
(242, 2014110071, '109', 52, 'Balance', '2014-10-27 18:44:01', 'Completed', 10, 11, 0, 600, 0, 0, 0),
(243, 2014110071, '35', 52, 'Balance', '2014-10-27 18:44:01', 'Completed', 70, 11, 0, 110, 0, 0, 0),
(244, 2014110071, '27', 52, 'Balance', '2014-10-27 18:44:01', 'Completed', 1, 7, 0, 990, 0, 0, 0),
(245, 2014110071, '28', 52, 'Balance', '2014-10-27 18:44:01', 'Completed', 5, 13, 0, 80, 0, 0, 0),
(246, 2014110071, '52', 52, 'Balance', '2014-10-27 18:44:01', 'Completed', 2, 10, 0, 960, 0, 0, 0),
(247, 2014110072, '30', 360, 'Cash', '2014-10-27 18:44:56', 'Completed', 10, 7, 0, 880, 0, 0, 0),
(248, 2014110073, '79', 318, 'Cash', '2014-10-27 18:45:41', 'Completed', 1, 7, 0, 2180, 0, 0, 0),
(249, 2014110073, '91', 318, 'Cash', '2014-10-27 18:45:42', 'Completed', 4, 14, 0, 770, 0, 0, 0),
(250, 2014110073, '4', 318, 'Cash', '2014-10-27 18:45:42', 'Completed', 1, 7, 0, 1850, 0, 0, 0),
(251, 2014110074, '100', 243, 'Balance', '2014-10-27 18:47:42', 'Completed', 1, 7, 0, 870, 3000, 0, 0),
(252, 2014110074, '8', 243, 'Balance', '2014-10-27 18:47:42', 'Completed', 2, 7, 0, 660, 3000, 0, 0),
(253, 2014110074, '91', 243, 'Balance', '2014-10-27 18:47:42', 'Completed', 1, 14, 0, 765, 3000, 0, 0),
(254, 2014110074, '3', 243, 'Balance', '2014-10-27 18:47:42', 'Completed', 1, 1, 0, 775, 3000, 0, 0),
(255, 2014110074, '103', 243, 'Balance', '2014-10-27 18:47:42', 'Completed', 1, 7, 0, 1760, 3000, 0, 0),
(256, 2014110075, '91', 133, 'Cash', '2014-10-27 18:54:14', 'Completed', 2, 14, 0, 765, 0, 0, 0),
(257, 2014110075, '35', 133, 'Cash', '2014-10-27 18:54:14', 'Completed', 2, 11, 0, 110, 0, 0, 0),
(258, 2014110076, '91', 124, 'Cash', '2014-10-27 18:55:27', 'Completed', 1, 14, 0, 765, 0, 0, 0),
(259, 2014110076, '35', 124, 'Cash', '2014-10-27 18:55:27', 'Completed', 1, 11, 0, 110, 0, 0, 0),
(260, 2014110077, '91', 461, 'Cash', '2014-10-27 18:55:56', 'Completed', 1, 14, 0, 765, 0, 0, 0),
(261, 2014110077, '35', 461, 'Cash', '2014-10-27 18:55:56', 'Completed', 1, 11, 0, 110, 0, 0, 0),
(262, 2014110078, '8', 337, 'Cash', '2014-10-27 18:56:43', 'Completed', 1, 7, 0, 660, 0, 0, 0),
(263, 2014110078, '91', 337, 'Cash', '2014-10-27 18:56:43', 'Completed', 4, 14, 0, 765, 0, 0, 0),
(264, 2014110078, '35', 337, 'Cash', '2014-10-27 18:56:43', 'Completed', 4, 11, 0, 110, 0, 0, 0),
(265, 2014110078, '4', 337, 'Cash', '2014-10-27 18:56:43', 'Completed', 1, 7, 0, 1850, 0, 0, 0),
(266, 2014110079, '8', 354, 'Cash', '2014-10-27 18:57:26', 'Completed', 1, 7, 0, 660, 0, 0, 0),
(267, 2014110079, '91', 354, 'Cash', '2014-10-27 18:57:26', 'Completed', 2, 14, 0, 765, 0, 0, 0),
(268, 2014110079, '35', 354, 'Cash', '2014-10-27 18:57:26', 'Completed', 2, 11, 0, 110, 0, 0, 0),
(269, 2014110080, '91', 494, 'Cash', '2014-10-27 18:57:55', 'Completed', 2, 14, 0, 765, 0, 0, 0),
(270, 2014110080, '35', 494, 'Cash', '2014-10-27 18:57:55', 'Completed', 2, 11, 0, 110, 0, 0, 0),
(271, 2014110081, '91', 42, 'Cash', '2014-10-27 18:58:41', 'Completed', 2, 14, 0, 765, 0, 0, 0),
(272, 2014110081, '35', 42, 'Cash', '2014-10-27 18:58:41', 'Completed', 2, 11, 0, 110, 0, 0, 0),
(273, 2014110082, '105', 208, 'Cash', '2014-10-27 18:59:08', 'Completed', 5, 12, 0, 205, 0, 0, 0),
(274, 2014110083, '91', 286, 'Cash', '2014-10-27 19:00:21', 'Completed', 1, 14, 0, 765, 0, 0, 0),
(275, 2014110083, '35', 286, 'Cash', '2014-10-27 19:00:21', 'Completed', 1, 11, 0, 110, 0, 0, 0),
(276, 2014110084, '91', 293, 'Cash', '2014-10-27 19:01:08', 'Completed', 1, 14, 0, 765, 0, 0, 0),
(277, 2014110084, '35', 293, 'Cash', '2014-10-27 19:01:08', 'Completed', 1, 11, 0, 110, 0, 0, 0),
(278, 2014110085, '3', 407, 'Cash', '2014-10-27 19:01:51', 'Completed', 1, 1, 0, 775, 0, 0, 0),
(279, 2014110086, '3', 543, 'Cash', '2014-10-27 19:02:09', 'Completed', 1, 1, 0, 775, 0, 0, 0),
(280, 2014110087, '106', 529, 'Cash', '2014-10-27 19:02:45', 'Completed', 1, 12, 0, 105, 0, 0, 0),
(281, 2014110087, '105', 529, 'Cash', '2014-10-27 19:02:45', 'Completed', 1, 12, 0, 205, 0, 0, 0),
(282, 2014110087, '3', 529, 'Cash', '2014-10-27 19:02:45', 'Completed', 1, 1, 0, 775, 0, 0, 0),
(283, 2014110088, '8', 545, 'Cash', '2014-10-27 19:03:30', 'Completed', 1, 7, 0, 660, 0, 0, 0),
(284, 2014110088, '35', 545, 'Cash', '2014-10-27 19:03:30', 'Completed', 2, 11, 0, 110, 0, 0, 0),
(285, 2014110088, '124', 545, 'Cash', '2014-10-27 19:03:30', 'Completed', 1, 7, 0, 2150, 0, 0, 0),
(286, 2014110088, '93', 545, 'Cash', '2014-10-27 19:03:30', 'Completed', 2, 14, 0, 615, 0, 0, 0),
(287, 2014110089, '91', 326, 'Cash', '2014-10-27 19:04:21', 'Completed', 2, 14, 0, 765, 0, 0, 0),
(288, 2014110089, '106', 326, 'Cash', '2014-10-27 19:04:22', 'Completed', 1, 12, 0, 105, 0, 0, 0),
(289, 2014110089, '35', 326, 'Cash', '2014-10-27 19:04:22', 'Completed', 2, 11, 0, 110, 0, 0, 0),
(290, 2014110089, '34', 326, 'Cash', '2014-10-27 19:04:22', 'Completed', 1, 7, 0, 1900, 0, 0, 0),
(291, 2014110090, '91', 334, 'Cash', '2014-10-27 19:04:53', 'Completed', 1, 14, 0, 765, 0, 0, 0),
(292, 2014110090, '35', 334, 'Cash', '2014-10-27 19:04:53', 'Completed', 1, 11, 0, 110, 0, 0, 0),
(293, 2014110091, '91', 355, 'Cash', '2014-10-27 19:05:33', 'Completed', 2, 14, 0, 765, 0, 0, 0),
(294, 2014110091, '35', 355, 'Cash', '2014-10-27 19:05:33', 'Completed', 2, 11, 0, 110, 0, 0, 0),
(295, 2014110091, '34', 355, 'Cash', '2014-10-27 19:05:33', 'Completed', 1, 7, 0, 1900, 0, 0, 0),
(296, 2014110092, '100', 438, 'Cash', '2014-10-27 19:05:57', 'Completed', 3, 7, 0, 865, 0, 0, 0),
(297, 2014110093, '8', 532, 'Cash', '2014-10-27 19:06:14', 'Completed', 1, 7, 0, 660, 0, 0, 0),
(298, 2014110094, '105', 93, 'Cash', '2014-10-27 19:06:40', 'Completed', 15, 12, 0, 196, 0, 0, 0),
(299, 2014110095, '79', 75, 'Cash', '2014-10-27 19:07:47', 'Completed', 1, 7, 0, 2180, 0, 0, 0),
(300, 2014110096, '103', 354, 'Cash', '2014-10-27 19:08:51', 'Completed', 1, 7, 0, 1760, 0, 0, 0),
(301, 2014110097, '8', 355, 'Cash', '2014-10-27 19:09:08', 'Completed', 1, 7, 0, 660, 0, 0, 0),
(302, 2014110098, '30', 371, 'Cash', '2014-10-27 19:12:03', 'Completed', 2, 7, 0, 880, 0, 0, 0),
(303, 2014110098, '15', 371, 'Cash', '2014-10-27 19:12:03', 'Completed', 1, 12, 218.86, 243, 0, 0, 0),
(304, 2014110098, '17', 371, 'Cash', '2014-10-27 19:12:03', 'Completed', 1, 12, 146.06, 165, 0, 0, 0),
(305, 2014110098, '20', 371, 'Cash', '2014-10-27 19:12:03', 'Completed', 2, 12, 175.08, 195, 0, 0, 0),
(306, 2014110098, '21', 371, 'Cash', '2014-10-27 19:12:03', 'Completed', 1, 12, 218.86, 243, 0, 0, 0),
(307, 2014110098, '73', 371, 'Cash', '2014-10-27 19:12:03', 'Completed', 5, 1, 0, 37, 0, 0, 0),
(308, 2014110098, '50', 371, 'Cash', '2014-10-27 19:12:03', 'Completed', 10, 1, 0, 36, 0, 0, 0),
(309, 2014110099, '8', 541, 'Cash', '2014-10-27 19:28:29', 'Completed', 10, 7, 0, 655, 0, 0, 0),
(310, 2014110099, '110', 541, 'Cash', '2014-10-27 19:28:29', 'Completed', 1, 11, 0, 2280, 0, 0, 0),
(311, 2014110100, '8', 68, 'Cash', '2014-10-27 19:34:15', 'Completed', 1, 7, 0, 660, 0, 0, 0),
(312, 2014110100, '126', 68, 'Cash', '2014-10-27 19:34:15', 'Completed', 4, 1, 0, 46, 0, 0, 0),
(313, 2014110100, '102', 68, 'Cash', '2014-10-27 19:34:15', 'Completed', 2, 11, 0, 125, 0, 0, 0),
(314, 2014110100, '17', 68, 'Cash', '2014-10-27 19:34:15', 'Completed', 2, 12, 146.06, 165, 0, 0, 0),
(315, 2014110100, '20', 68, 'Cash', '2014-10-27 19:34:15', 'Completed', 1, 12, 175.08, 195, 0, 0, 0),
(316, 2014110100, '73', 68, 'Cash', '2014-10-27 19:34:15', 'Completed', 25, 1, 0, 37, 0, 0, 0),
(317, 2014110100, '5', 68, 'Cash', '2014-10-27 19:34:15', 'Completed', 1, 13, 106.43, 135, 0, 0, 0),
(318, 2014110100, '80', 68, 'Cash', '2014-10-27 19:34:15', 'Completed', 3, 1, 0, 65, 0, 0, 0),
(319, 2014110100, '91', 156, 'Cash', '2014-10-27 19:41:48', 'Completed', 3, 14, 0, 765, 0, 0, 0),
(320, 2014110101, '30', 308, 'Cash', '2014-10-27 19:48:18', 'Completed', 1, 7, 0, 885, 0, 0, 0),
(321, 2014110101, '31', 308, 'Cash', '2014-10-27 19:48:18', 'Completed', 1, 11, 0, 90, 0, 0, 0),
(322, 2014110101, '49', 308, 'Cash', '2014-10-27 19:48:19', 'Completed', 1, 7, 0, 36, 0, 0, 0),
(323, 2014110101, '46', 308, 'Cash', '2014-10-27 19:48:19', 'Completed', 2, 1, 0, 110, 0, 0, 0),
(324, 2014110102, '47', 0, 'Cash', '2014-10-27 19:55:58', 'Completed', 1, 1, 0, 10, 0, 0, 0),
(325, 2014110102, '8', 0, 'Cash', '2014-10-27 19:55:58', 'Completed', 1, 7, 0, 660, 0, 0, 0),
(326, 2014110102, '97', 0, 'Cash', '2014-10-27 19:55:58', 'Completed', 7, 7, 0, 800, 0, 0, 0),
(327, 2014110102, '126', 0, 'Cash', '2014-10-27 19:55:58', 'Completed', 5, 1, 0, 46, 0, 0, 0),
(328, 2014110102, '91', 0, 'Cash', '2014-10-27 19:55:58', 'Completed', 6, 14, 0, 770, 0, 0, 0),
(329, 2014110102, '110', 0, 'Cash', '2014-10-27 19:55:58', 'Completed', 1, 11, 0, 2280, 0, 0, 0),
(330, 2014110102, '85', 0, 'Cash', '2014-10-27 19:55:58', 'Completed', 1, 11, 0, 60, 0, 0, 0),
(331, 2014110102, '73', 0, 'Cash', '2014-10-27 19:55:58', 'Completed', 4, 1, 0, 37, 0, 0, 0),
(332, 2014110102, '93', 0, 'Cash', '2014-10-27 19:55:58', 'Completed', 1, 14, 0, 620, 0, 0, 0),
(333, 2014110103, '59', 0, 'Cash', '2014-10-27 19:59:25', 'Completed', 12, 1, 0, 15, 0, 0, 0),
(334, 2014110103, '8', 0, 'Cash', '2014-10-27 19:59:25', 'Completed', 5, 7, 0, 660, 0, 0, 0),
(335, 2014110103, '71', 0, 'Cash', '2014-10-27 19:59:25', 'Completed', 2, 11, 0, 36, 0, 0, 0),
(336, 2014110103, '126', 0, 'Cash', '2014-10-27 19:59:25', 'Completed', 5, 1, 0, 46, 0, 0, 0),
(337, 2014110103, '92', 0, 'Cash', '2014-10-27 19:59:25', 'Completed', 1, 8, 0, 46, 0, 0, 0),
(338, 2014110103, '91', 0, 'Cash', '2014-10-27 19:59:25', 'Completed', 4, 14, 0, 770, 0, 0, 0),
(339, 2014110103, '109', 0, 'Cash', '2014-10-27 19:59:25', 'Completed', 1, 11, 0, 600, 0, 0, 0),
(340, 2014110103, '87', 0, 'Cash', '2014-10-27 19:59:25', 'Completed', 1, 11, 0, 130, 0, 0, 0),
(341, 2014110103, '35', 0, 'Cash', '2014-10-27 19:59:25', 'Completed', 1, 11, 0, 110, 0, 0, 0),
(342, 2014110103, '20', 0, 'Cash', '2014-10-27 19:59:26', 'Completed', 1, 12, 175.08, 195, 0, 0, 0),
(343, 2014110103, '85', 0, 'Cash', '2014-10-27 19:59:26', 'Completed', 1, 11, 0, 60, 0, 0, 0),
(344, 2014110103, '73', 0, 'Cash', '2014-10-27 19:59:26', 'Completed', 15, 1, 0, 37, 0, 0, 0),
(345, 2014110103, '58', 0, 'Cash', '2014-10-27 19:59:26', 'Completed', 1, 11, 0, 115, 0, 0, 0),
(346, 2014110104, '8', 439, 'Cash', '2014-10-27 20:00:48', 'Completed', 1, 7, 0, 660, 0, 0, 0),
(347, 2014110104, '126', 439, 'Cash', '2014-10-27 20:00:48', 'Completed', 4, 1, 0, 46, 0, 0, 0),
(348, 2014110104, '16', 439, 'Cash', '2014-10-27 20:00:48', 'Completed', 2, 12, 127.63, 145, 0, 0, 0),
(349, 2014110104, '73', 439, 'Cash', '2014-10-27 20:00:48', 'Completed', 31, 1, 0, 37, 0, 0, 0),
(350, 2014110105, '43', 258, 'Cash', '2014-10-27 20:03:13', 'Completed', 1, 7, 0, 770, 0, 0, 0),
(351, 2014110105, '30', 258, 'Cash', '2014-10-27 20:03:13', 'Completed', 2, 7, 0, 885, 0, 0, 0),
(352, 2014110105, '109', 258, 'Cash', '2014-10-27 20:03:13', 'Completed', 1, 11, 0, 600, 0, 0, 0),
(353, 2014110105, '112', 258, 'Cash', '2014-10-27 20:03:13', 'Completed', 2, 13, 0, 29, 0, 0, 0),
(354, 2014110106, '8', 569, 'Cash', '2014-10-27 20:21:37', 'Completed', 2, 7, 0, 0, 0, 0, 0),
(355, 2014110106, '49', 569, 'Cash', '2014-10-27 20:21:38', 'Completed', 1, 7, 0, 0, 0, 0, 0),
(356, 2014110106, '91', 569, 'Cash', '2014-10-27 20:21:38', 'Completed', 1, 14, 0, 0, 0, 0, 0),
(357, 2014110106, '124', 569, 'Cash', '2014-10-27 20:21:38', 'Completed', 3, 7, 0, 0, 0, 0, 0),
(358, 2014110106, '40', 569, 'Cash', '2014-10-27 20:21:38', 'Completed', 1, 7, 0, 0, 0, 0, 0),
(359, 2014110106, '103', 569, 'Cash', '2014-10-27 20:21:38', 'Completed', 2, 7, 0, 0, 0, 0, 0);

-- --------------------------------------------------------

--
-- Table structure for table `units`
--

CREATE TABLE IF NOT EXISTS `units` (
  `unitId` int(11) NOT NULL AUTO_INCREMENT,
  `unitDesc` varchar(65) NOT NULL,
  `created_date` datetime NOT NULL DEFAULT CURRENT_TIMESTAMP,
  `updated_date` datetime NOT NULL DEFAULT CURRENT_TIMESTAMP,
  `status` varchar(10) NOT NULL,
  PRIMARY KEY (`unitId`)
) ENGINE=InnoDB  DEFAULT CHARSET=latin1 AUTO_INCREMENT=15 ;

--
-- Dumping data for table `units`
--

INSERT INTO `units` (`unitId`, `unitDesc`, `created_date`, `updated_date`, `status`) VALUES
(1, 'kg.', '2014-08-14 11:28:03', '2014-08-14 11:28:03', 'active'),
(2, '1/2 kg', '2014-08-14 11:28:10', '2014-08-14 11:28:10', 'inactive'),
(3, '1/4 kg', '2014-08-14 11:28:14', '2014-08-14 11:28:14', 'inactive'),
(4, '100 grams', '2014-08-14 11:28:29', '2014-08-14 11:28:29', 'inactive'),
(5, 'Large', '2014-08-14 11:28:44', '2014-08-14 11:28:44', 'inactive'),
(6, 'Medium', '2014-08-14 11:28:46', '2014-08-14 11:28:46', 'inactive'),
(7, 'sack', '2014-08-14 11:28:54', '2014-08-14 11:28:54', 'active'),
(8, 'liter', '2014-08-14 11:29:03', '2014-08-14 11:29:03', 'active'),
(9, 'Tiny', '2014-08-14 11:30:24', '2014-08-14 11:30:24', 'inactive'),
(10, 'box', '2014-08-14 11:30:45', '2014-08-14 11:30:45', 'active'),
(11, 'pc.', '2014-08-14 11:35:40', '2014-08-14 11:35:40', 'active'),
(12, 'bundle', '2014-10-22 00:33:30', '2014-10-22 00:33:30', 'active'),
(13, 'pack', '2014-10-22 00:38:06', '2014-10-22 00:38:06', 'active'),
(14, 'cont.', '2014-10-22 01:45:22', '2014-10-22 01:45:22', 'active');

-- --------------------------------------------------------

--
-- Table structure for table `user`
--

CREATE TABLE IF NOT EXISTS `user` (
  `userId` int(11) NOT NULL AUTO_INCREMENT,
  `username` varchar(65) NOT NULL,
  `password` varchar(150) NOT NULL,
  `fullname` varchar(200) NOT NULL,
  `permissionId` int(11) NOT NULL,
  `created_date` datetime NOT NULL DEFAULT CURRENT_TIMESTAMP,
  `updated_date` datetime NOT NULL DEFAULT CURRENT_TIMESTAMP,
  `status` varchar(10) NOT NULL,
  PRIMARY KEY (`userId`)
) ENGINE=InnoDB  DEFAULT CHARSET=latin1 AUTO_INCREMENT=2 ;

--
-- Dumping data for table `user`
--

INSERT INTO `user` (`userId`, `username`, `password`, `fullname`, `permissionId`, `created_date`, `updated_date`, `status`) VALUES
(1, 'Admin', '8c6976e5b5410415bde908bd4dee15dfb167a9c873fc4bb8a81f6f2ab448a918', 'Admin', 1, '2014-10-21 14:17:06', '2014-10-21 14:17:06', 'active');

/*!40101 SET CHARACTER_SET_CLIENT=@OLD_CHARACTER_SET_CLIENT */;
/*!40101 SET CHARACTER_SET_RESULTS=@OLD_CHARACTER_SET_RESULTS */;
/*!40101 SET COLLATION_CONNECTION=@OLD_COLLATION_CONNECTION */;
